ID,Address,Rooms,Type,Price,Date,Bathroom,Car,Landsize,Age,Lattitude,Longtitude
ID211872587,3/28 Kendall St,2,t,781000.0,8/04/2017,1.0,1.0,0.0,5.0,-37.7422,144.9604
ID134067190,16 Charles St,5,h,2850000.0,10/09/2016,2.0,2.0,815.0,19.0,-37.8118,145.035
ID354971825,18 Norton St,3,h,586000.0,27/06/2016,1.0,1.0,701.0,59.0,-37.7843,144.8052
ID481261413,78a Allison Rd,2,h,900000.0,15/10/2016,1.0,1.0,198.0,139.0,-37.8824,145.0133
ID370410426,41 Barnett St,3,h,1165000.0,10/09/2016,1.0,0.0,239.0,109.0,-37.7923,144.9324
ID765197430,14 Parkhill Ct,2,h,560000.0,23/09/2017,2.0,2.0,424.0,69.0,-37.67909,144.87524
ID688874751,1/1017 Nepean Hwy,3,t,750000.0,7/05/2016,2.0,1.0,164.0,9.0,-37.9378,145.0385
ID502790600,5/107 Victoria Rd,2,u,655250.0,23/04/2016,1.0,1.0,1153.0,49.0,-37.8227,145.0528
ID489548556,19 Bruce St,3,h,1270000.0,12/08/2017,2.0,2.0,585.0,19.0,-37.742509999999996,145.0008
ID872609370,20 Robern Pde,4,h,1005000.0,7/11/2016,2.0,1.0,696.0,69.0,-37.7395,145.0875
ID591134425,40 Carlton St,3,h,1662000.0,7/05/2016,1.0,0.0,118.0,25.0,-37.8009,144.9729
ID186907575,2115/18 Mt Alexander Rd,2,u,341500.0,15/07/2017,1.0,1.0,16000.0,7.0,-37.784659999999995,144.93829
ID191925721,8 Merrion Pl,3,h,1878000.0,10/09/2016,2.0,1.0,392.0,4.0,-37.8081,145.0263
ID948088992,1 Graeme Cl,4,h,2000000.0,10/12/2016,3.0,2.0,507.0,33.0,-37.7738,145.1308
ID182535901,40 Gadd St,4,h,1955000.0,12/08/2017,2.0,1.0,5.0,36.0,-37.7628,144.99375
ID447848957,51 Moore St,2,h,1160000.0,1/07/2017,1.0,0.0,140.0,19.0,-37.84369,144.98914
ID927624816,3A Cudgewa Pl,3,t,770000.0,3/12/2016,2.0,1.0,331.0,9.0,-37.7325,144.8621
ID914679730,85 Victoria Cr,4,h,2500000.0,16/09/2017,3.0,3.0,402.0,69.0,-37.8137,145.11013
ID185867104,18 Stewart St,3,h,1455000.0,23/09/2017,2.0,2.0,351.0,109.0,-37.81111,144.88759
ID895915897,46 Wilson St,3,h,908000.0,27/06/2016,2.0,0.0,105.0,119.0,-37.8191,144.8909
ID452776667,1A Braeside St,2,t,510000.0,22/07/2017,1.0,1.0,129.0,7.0,-37.71865,144.95018000000005
ID835253540,28/18 Mawbey St,3,u,551000.0,10/12/2016,1.0,1.0,4440.0,7.0,-37.7898,144.9233
ID143041828,3/66 Darebin Bvd,2,u,401000.0,10/12/2016,1.0,1.0,184.0,54.0,-37.7043,145.0277
ID868594826,34 Reynard St,4,h,1005000.0,20/05/2017,2.0,1.0,172.0,119.0,-37.7483,144.9634
ID699422093,3/212 Roden St,2,t,1013000.0,20/05/2017,2.0,1.0,0.0,9.0,-37.8094,144.9452
ID222959449,218 Ferrars St,1,h,1002000.0,3/12/2016,1.0,0.0,84.0,107.0,-37.8332,144.9548
ID795962622,19 Lotus Ct,4,h,658000.0,29/07/2017,2.0,2.0,571.0,22.0,-37.63762,145.03538999999995
ID129326764,56 Verdon St,3,h,2910000.0,4/03/2017,3.0,2.0,515.0,29.0,-37.8609,144.8947
ID816516953,22 Renwick St,4,h,2325000.0,4/06/2016,3.0,2.0,638.0,89.0,-37.8523,145.0726
ID971834076,2083 Malvern Rd,3,h,1105000.0,6/08/2016,2.0,2.0,331.0,99.0,-37.876999999999995,145.067
ID684780975,26 Sussex St,3,h,1360000.0,3/06/2017,2.0,6.0,663.0,49.0,-37.8642,144.84257
ID610554841,27 Wellington St,3,h,915000.0,22/07/2017,1.0,2.0,447.0,109.0,-37.792,144.86856
ID606840860,5 Barmah Gra,4,h,715000.0,24/06/2017,2.0,2.0,680.0,8.0,-37.612359999999995,144.90753
ID134230688,318/6 Lisson Gr,1,u,485000.0,28/08/2016,1.0,1.0,0.0,19.0,-37.8264,145.02700000000004
ID258317484,41 Highview Dr,3,h,1310000.0,13/08/2016,1.0,2.0,1157.0,59.0,-37.7934,145.1336
ID208745836,2059 Malvern Rd,3,h,1380000.0,8/04/2017,1.0,2.0,572.0,109.0,-37.8757,145.066
ID691417136,13 Haddon Ct,8,h,741000.0,23/09/2017,3.0,1.0,1063.0,39.0,-37.65826,144.92538000000005
ID928459037,3 Birk Ct,3,h,680000.0,8/04/2017,2.0,1.0,277.0,9.0,-37.7039,144.8986
ID604505201,71 Oak St,2,h,1470000.0,3/06/2017,1.0,4.0,633.0,59.0,-37.98489,145.04116000000005
ID115200771,5/12 Judith St,1,u,286000.0,8/07/2017,1.0,1.0,314.0,59.0,-37.903209999999994,145.0555
ID359673457,11 Wewak Pde,2,h,735000.0,3/12/2016,1.0,3.0,602.0,59.0,-37.7455,145.0452
ID333632469,4/11 Lewisham Rd,2,u,520000.0,15/10/2016,1.0,1.0,0.0,9.0,-37.8573,144.9987
ID453920264,2/8 Stewart St,2,u,580000.0,22/07/2017,1.0,1.0,103.0,9.0,-37.72773,144.92628
ID410179232,15 Blossom Ct,3,h,1400000.0,12/08/2017,3.0,2.0,621.0,39.0,-37.79207,145.11672
ID143939543,13/11 Belmont Av,1,u,260000.0,8/07/2017,1.0,1.0,0.0,69.0,-37.8574,145.04795
ID959734342,10 Bennett St,4,h,1830000.0,19/11/2016,2.0,2.0,606.0,49.0,-37.7743,145.0316
ID162447556,140 Essex St,2,h,912500.0,3/12/2016,1.0,1.0,444.0,79.0,-37.7933,144.876
ID842806989,1/26 Talmage St,3,t,580000.0,29/07/2017,2.0,2.0,175.0,5.0,-37.77856,144.82443
ID324028716,70 Chirnside St,4,h,1140000.0,16/09/2017,1.0,0.0,276.0,104.0,-37.80774,144.88251
ID137800325,2/10 Millicent Av,3,u,687500.0,12/08/2017,2.0,2.0,216.0,7.0,-38.07509,145.12965
ID344137803,45 Cosmos St,5,h,810000.0,11/03/2017,4.0,4.0,695.0,69.0,-37.7028,144.9377
ID269890941,41 McKinnon Rd,2,h,1200000.0,12/08/2017,1.0,2.0,397.0,79.0,-37.90978,145.02937
ID563653860,1/241 Lower Plenty Rd,2,h,725000.0,14/05/2016,2.0,2.0,336.0,74.0,-37.7381,145.07299999999995
ID650597258,53 Moore St,4,h,1305000.0,26/08/2017,1.0,1.0,449.0,109.0,-37.77081,144.92074
ID355133804,33 Ogilvie St,4,h,1113000.0,28/08/2016,1.0,2.0,533.0,69.0,-37.7509,144.8922
ID653380590,154 Stawell St,3,h,1435000.0,25/02/2017,1.0,0.0,182.0,129.0,-37.8289,145.0089
ID552513423,47 View St,3,h,1587000.0,20/05/2017,2.0,2.0,624.0,59.0,-37.8203,145.1105
ID344705373,4 McPherson St,3,h,835000.0,23/04/2016,1.0,0.0,302.0,129.0,-37.758,144.9724
ID474198361,26 Milton St,3,h,932500.0,28/05/2016,2.0,1.0,254.0,119.0,-37.7738,144.9215
ID779961095,48 Sydney St,3,h,840000.0,27/11/2016,1.0,0.0,697.0,99.0,-37.7809,144.8228
ID471922056,1b Daphne St,3,h,928000.0,10/09/2016,2.0,1.0,145.0,21.0,-37.8233,145.0769
ID382218783,64 Hanover St,3,h,1250000.0,22/05/2016,1.0,1.0,483.0,129.0,-37.7602,144.9543
ID720796646,27 Middle St,3,h,730000.0,10/12/2016,1.0,2.0,570.0,49.0,-37.7106,144.9491
ID815414017,4/30 Kenmare St,5,h,1400000.0,10/12/2016,4.0,2.0,355.0,40.0,-37.812,145.1074
ID507606246,24/18 Station Rd,2,u,415000.0,15/10/2016,1.0,1.0,0.0,39.0,-37.857,144.891
ID597473619,10/21 Bent St,2,u,420000.0,12/11/2016,1.0,0.0,1045.0,69.0,-37.9158,145.0379
ID617683526,202/8 Bond St,2,u,850000.0,3/12/2016,2.0,2.0,0.0,5.0,-37.8411,144.9944
ID681506036,43 Cary St,3,h,600000.0,12/11/2016,1.0,2.0,751.0,59.0,-37.7692,144.8246
ID358383316,106/360 Lygon St,2,u,480000.0,28/05/2016,2.0,1.0,0.0,79.0,-37.7679,144.9725
ID743471848,25 Lily St,2,h,645000.0,3/09/2016,1.0,1.0,566.0,69.0,-37.7839,144.8524
ID758595156,22 Mortimore St,3,h,1610000.0,22/07/2017,2.0,2.0,672.0,59.0,-37.92768,145.04268000000005
ID423611104,2C Ray Rd,3,t,780000.0,27/05/2017,2.0,2.0,306.0,20.0,-37.854729999999996,145.1521
ID169802294,122 Victoria Rd,5,h,2775000.0,22/05/2016,3.0,2.0,864.0,64.0,-37.8231,145.0535
ID679558486,3/43 Cromwell Rd,2,u,771000.0,17/06/2017,1.0,1.0,1272.0,19.0,-37.84283,145.00015
ID974725850,35 Chandler St,4,h,1400000.0,4/03/2017,2.0,4.0,457.0,39.0,-37.8517,144.8923
ID295340236,6 Dallas St,3,h,900000.0,12/08/2017,1.0,2.0,585.0,14.0,-37.98137,145.0918
ID808030852,5 Jess St,4,h,801000.0,24/09/2016,1.0,2.0,771.0,54.0,-37.705,145.0035
ID359969104,14/1737 Malvern Rd,1,u,375000.0,25/02/2017,1.0,1.0,602.0,89.0,-37.8597,145.0571
ID551146285,22 Baldwin St,2,h,1859000.0,6/05/2017,2.0,3.0,311.0,49.0,-37.8545,145.0219
ID449942783,1a Benina St,2,u,860000.0,22/07/2017,1.0,1.0,230.0,29.0,-37.9236,145.05913
ID611742411,3/64 Brunel St,3,u,1160000.0,11/02/2017,2.0,1.0,309.0,12.0,-37.7642,144.895
ID763957789,14 Duncan Ct,4,h,675000.0,8/07/2017,2.0,4.0,744.0,49.0,-37.6815,144.87892
ID844330524,19 Charles St,3,h,1290000.0,22/07/2017,2.0,1.0,196.0,109.0,-37.776509999999995,144.99074
ID259809253,44 Greig St,2,h,1750000.0,27/11/2016,1.0,1.0,162.0,139.0,-37.8416,144.9488
ID905560770,26 Kirkwood Av,5,h,3350000.0,12/08/2017,4.0,4.0,700.0,44.0,-37.95762,145.01418
ID555602262,5/3 Rotherwood Rd,2,u,470000.0,6/08/2016,1.0,1.0,1473.0,59.0,-37.7713,145.0499
ID563527749,2 Kokaribb Rd,2,h,930000.0,18/06/2016,1.0,1.0,264.0,89.0,-37.8864,145.0561
ID369482115,12 Witchwood Cl,3,t,1460000.0,4/06/2016,2.0,1.0,181.0,29.0,-37.8334,144.9867
ID869195339,106 Outlook Dr,3,h,600000.0,22/05/2016,1.0,4.0,541.0,51.0,-37.7051,144.9069
ID811012640,12 Beverley Gr,3,h,1800000.0,3/09/2017,2.0,2.0,786.0,104.0,-37.87834,145.12131000000005
ID288883272,7/113 Punt Rd,1,u,350000.0,29/04/2017,1.0,0.0,0.0,44.0,-37.8508,144.984
ID801872048,6 Caspian Tce,4,h,1200000.0,29/04/2017,3.0,2.0,183.0,13.0,-37.8566,144.8737
ID326065593,21 Shirley St,3,h,582000.0,8/07/2017,1.0,0.0,674.0,59.0,-37.73704,144.79108
ID310751097,6/10 Wrexham Rd,1,u,452000.0,11/02/2017,1.0,1.0,0.0,45.0,-37.8568,145.0004
ID538017340,3/50 Airlie Rd,3,t,960000.0,27/05/2017,2.0,2.0,397.0,16.0,-37.72331,145.11909
ID720192328,10/18 Tulloch Gr,3,t,655000.0,17/06/2017,2.0,2.0,0.0,17.0,-37.89873,145.15072
ID315197293,3/555 Punt Rd,2,u,642000.0,13/05/2017,1.0,1.0,595.0,49.0,-37.8422,144.9855
ID132965056,8/302 Abbotsford St,2,u,550000.0,1/07/2017,1.0,0.0,4563.0,8.0,-37.79939,144.94635
ID561541786,2 Fernhurst Gr,4,h,2450000.0,24/09/2016,2.0,2.0,1012.0,119.0,-37.8067,145.0277
ID200320411,61 Steele St,4,h,1361500.0,10/12/2016,1.0,2.0,453.0,99.0,-37.7698,144.9336
ID329925174,806/22 Coromandel Pl,2,u,387000.0,15/07/2017,1.0,0.0,0.0,8.0,-37.81301,144.96923999999999
ID383358210,21 Maud St,3,h,1300000.0,12/11/2016,1.0,2.0,464.0,64.0,-37.7945,145.0667
ID731539200,32 Fawkner St,4,h,1330000.0,6/05/2017,2.0,2.0,273.0,129.0,-37.7574,144.8959
ID890446049,4/25 Jackson St,2,u,400000.0,14/05/2016,1.0,1.0,0.0,49.0,-37.8619,144.976
ID221645867,5 Pamela Ct,4,h,653000.0,3/06/2017,1.0,4.0,632.0,6.0,-37.68136,144.99479
ID118281678,41 Parkmore Rd,4,h,950000.0,16/09/2017,2.0,3.0,587.0,59.0,-37.84154,145.17606
ID475450639,60 Woiwurung Cr,2,t,631000.0,3/09/2017,2.0,1.0,1965.0,19.0,-37.73615,144.97455
ID649665822,66A Gardenvale Rd,3,h,1250000.0,11/02/2017,2.0,2.0,236.0,15.0,-37.8982,145.0121
ID567914353,49 Derby St,3,h,855000.0,16/07/2016,1.0,1.0,274.0,129.0,-37.7641,144.9112
ID716735758,86 Neville St,2,h,896000.0,26/07/2016,1.0,2.0,543.0,49.0,-37.898,145.0528
ID255091501,243 Darebin Rd,2,h,1460000.0,24/06/2017,1.0,2.0,508.0,59.0,-37.764990000000004,145.01723
ID124218565,123 Rankins Rd,2,h,850000.0,24/09/2016,1.0,1.0,169.0,119.0,-37.7925,144.9315
ID180090149,27 Bruce St,3,h,680000.0,23/04/2016,1.0,2.0,462.0,99.0,-37.7448,144.9478
ID652152005,4 Sapphire St,4,h,1372000.0,1/07/2017,1.0,2.0,866.0,49.0,-37.838159999999995,145.17783
ID502740748,8/12 Brentwood St,2,u,420000.0,27/05/2017,1.0,1.0,0.0,49.0,-37.9336,145.04509
ID727270192,17 Bannister St,4,h,618000.0,20/05/2017,1.0,2.0,604.0,49.0,-37.6875,144.9102
ID647323852,67 Ross St,3,h,1665000.0,1/07/2017,3.0,2.0,121.0,8.0,-37.83591,144.93648000000005
ID579636866,5/10 Dorset Rd,3,u,600000.0,4/03/2017,1.0,1.0,204.0,11.0,-37.7234,144.9497
ID992976401,135 Manningham Rd,4,h,1085000.0,10/12/2016,2.0,1.0,1124.0,59.0,-37.7679,145.0958
ID280463646,1/12 Hatfield Ct,4,u,530000.0,10/09/2016,2.0,1.0,0.0,49.0,-37.809,144.8686
ID365208901,509/72 Altona St,2,u,501000.0,29/07/2017,1.0,1.0,3957.0,11.0,-37.79741,144.92614
ID858069755,22 Gladstone Av,3,h,1500000.0,23/09/2017,1.0,2.0,230.0,119.0,-37.86275,145.02364
ID874228750,3 Willis St,2,h,840000.0,29/04/2017,1.0,2.0,171.0,57.0,-37.9358,144.9996
ID335426428,120 MacPherson St,3,h,760000.0,12/06/2016,1.0,1.0,265.0,109.0,-37.7975,144.8894
ID258398768,61 Broughton Rd,3,h,1525000.0,13/05/2017,2.0,2.0,347.0,6.0,-37.8323,145.105
ID754175934,98 Crookston Rd,3,h,906000.0,3/09/2017,1.0,2.0,741.0,69.0,-37.709309999999995,145.01434
ID836273417,8 Cash St,4,h,1740000.0,10/09/2016,2.0,2.0,610.0,26.0,-37.7843,145.0891
ID753868294,8 Marwarra St,4,h,910000.0,3/06/2017,1.0,2.0,669.0,54.0,-37.816559999999996,145.24247
ID732514922,11 Maureen St,3,h,944000.0,1/07/2017,1.0,1.0,446.0,59.0,-37.86071,145.1278
ID249528620,96 Southern Rd,3,h,805000.0,20/05/2017,1.0,0.0,592.0,79.0,-37.7421,145.0487
ID513419797,12 Emily Dr,4,h,792500.0,16/09/2017,2.0,2.0,846.0,23.0,-38.00626,145.29079
ID280262377,17 Edward St,3,h,527000.0,22/05/2016,1.0,1.0,609.0,59.0,-37.7083,144.9644
ID166747801,2/27 Ruffey St,3,u,725000.0,18/06/2016,1.0,1.0,465.0,44.0,-37.7549,145.1185
ID842263943,13 Rosemary Dr,3,h,572000.0,27/05/2017,1.0,2.0,640.0,44.0,-37.6591,145.00548999999995
ID921461289,2 Bell St,3,h,1310000.0,28/08/2016,1.0,2.0,464.0,39.0,-37.8539,145.0702
ID336035333,73 Belford Rd,3,h,1750000.0,4/03/2017,1.0,3.0,650.0,49.0,-37.7955,145.0473
ID813540018,11 Commercial Rd,3,h,930000.0,8/10/2016,1.0,3.0,413.0,69.0,-37.7931,144.893
ID907363352,92 Sterling Dr,4,h,698000.0,27/05/2017,2.0,2.0,535.0,54.0,-37.740829999999995,144.85545
ID874643656,14 Baker St,4,h,760000.0,8/04/2017,1.0,5.0,650.0,69.0,-37.7867,144.8437
ID740798251,9/3 Rae Ct,2,u,660000.0,27/05/2017,1.0,1.0,0.0,119.0,-37.85672,145.00273
ID128161175,6 The Crescent,3,h,1375000.0,8/04/2017,2.0,3.0,487.0,8.0,-37.7942,144.8934
ID225049508,80 South Rd,4,h,645000.0,7/11/2016,2.0,1.0,283.0,29.0,-37.7908,144.8485
ID280502889,3/191 Balwyn Rd,3,t,1238000.0,27/11/2016,2.0,2.0,186.0,9.0,-37.8028,145.0828
ID245346362,4/264 Williams Rd,2,u,810000.0,10/12/2016,2.0,2.0,0.0,39.0,-37.842,145.0046
ID425570351,80 Bunting St,2,h,951000.0,16/07/2016,1.0,0.0,108.0,114.0,-37.8259,145.0089
ID636144178,2/48 Inkerman St,2,t,600000.0,15/10/2016,1.0,2.0,127.0,109.0,-37.7859,144.8787
ID376910977,11 Benaroon Dr,4,h,750000.0,1/07/2017,2.0,4.0,544.0,11.0,-37.66747,144.98802
ID726391480,242 Waterloo Rd,3,h,725000.0,16/09/2017,1.0,1.0,327.0,59.0,-37.7151,144.92103
ID121152005,61 Canterbury St,3,h,1012000.0,13/08/2016,1.0,1.0,212.0,89.0,-37.7818,144.9247
ID966704651,77 Spenser St,3,h,1900000.0,10/12/2016,2.0,2.0,289.0,40.0,-37.8726,144.9782
ID897778440,4 Miller St,3,h,1000000.0,15/10/2016,1.0,1.0,431.0,49.0,-37.75,144.9695
ID610275606,10 Dundalk St,3,h,651500.0,8/04/2017,1.0,1.0,555.0,69.0,-37.7988,144.822
ID992976401,135 Manningham Rd,4,h,1085000.0,10/12/2016,2.0,1.0,1124.0,59.0,-37.7679,145.0958
ID226495608,1/464 Victoria St,2,t,735000.0,24/09/2016,1.0,2.0,120.0,15.0,-37.7659,144.9487
ID301915636,2a Bessie St,2,u,746000.0,3/12/2016,1.0,2.0,281.0,17.0,-37.9255,145.0796
ID422875333,1/38 Edgar St,2,u,382000.0,16/07/2016,1.0,1.0,1069.0,59.0,-37.8547,145.0457
ID893021609,35 Percy St,2,h,705000.0,23/04/2016,1.0,1.0,161.0,109.0,-37.7646,144.9586
ID153100967,3 Arthur St,4,h,1910000.0,23/09/2017,3.0,2.0,416.0,5.0,-37.82671,145.11068
ID238947138,7 Mitchell Ct,2,h,650000.0,27/05/2017,1.0,2.0,650.0,59.0,-37.69712,144.91949
ID203700689,2 Raven St,5,h,1510000.0,9/09/2017,2.0,3.0,677.0,49.0,-37.793479999999995,145.15241
ID832405582,2 Blackwood St,3,h,801000.0,16/09/2017,1.0,1.0,852.0,79.0,-37.67601,145.02955
ID550491838,5/16 Omar St,3,t,640000.0,3/12/2016,2.0,2.0,214.0,99.0,-37.7806,144.8714
ID635808869,21 Dixon Av,4,h,760000.0,8/07/2017,2.0,2.0,815.0,59.0,-37.78393,145.29131999999996
ID133640950,25 High St,3,h,895000.0,29/04/2017,1.0,2.0,775.0,69.0,-37.7075,145.0807
ID760242146,7 Inverness St,4,h,900000.0,1/07/2017,1.0,2.0,836.0,59.0,-37.70343,145.03082
ID276316954,55 View St,4,h,2000000.0,18/06/2016,2.0,1.0,626.0,90.0,-37.8197,145.1106
ID901637559,1 Otford Cl,3,h,975000.0,17/09/2016,1.0,2.0,576.0,79.0,-37.9363,145.0495
ID408352951,95 Harker St,3,h,657500.0,23/09/2017,2.0,1.0,729.0,18.0,-37.5877,144.73734
ID548691959,79 Victoria St,4,h,2100000.0,27/05/2017,2.0,2.0,831.0,74.0,-37.95694,145.01936
ID889301600,41 Cameron St,3,h,998000.0,7/11/2016,2.0,3.0,479.0,69.0,-37.7271,144.9968
ID566671879,220 Napier St,3,h,1160000.0,27/06/2016,1.0,1.0,651.0,19.0,-37.7416,144.9204
ID353690908,35 James St,4,h,810000.0,10/09/2016,2.0,2.0,1034.0,69.0,-37.7379,144.9851
ID810169257,248 Montague St,3,h,1650000.0,17/09/2016,2.0,0.0,204.0,129.0,-37.8357,144.9531
ID120408255,5/205 Centre Rd,2,u,636000.0,3/09/2016,1.0,2.0,202.0,45.0,-37.9165,145.0259
ID609839158,1/43 Cameron St,3,u,752000.0,11/02/2017,1.0,1.0,265.0,26.0,-37.7302,144.8855
ID629482227,27 Augusta St,5,h,2575000.0,22/08/2016,3.0,2.0,688.0,109.0,-37.8921,145.0381
ID196471741,59 Alamein Rd,3,h,532000.0,7/11/2016,1.0,1.0,390.0,64.0,-37.7369,145.0422
ID347513266,1/19 Patterson Rd,2,h,855000.0,7/11/2016,1.0,1.0,298.0,79.0,-37.9247,145.0287
ID166505304,6 Paul Gr,4,h,675000.0,24/06/2017,2.0,2.0,1031.0,59.0,-38.00224,145.41081
ID671706763,4 Toorang Ct,4,h,435000.0,15/07/2017,2.0,2.0,553.0,14.0,-38.08699,145.48273
ID964662917,15 Alberta St,3,h,870000.0,16/09/2017,1.0,2.0,417.0,69.0,-37.796440000000004,144.86388
ID461537963,5/25 Ashley St,2,u,300000.0,26/07/2016,1.0,1.0,87.0,49.0,-37.7174,145.0016
ID365262037,1/2 Dubbo St,3,u,675000.0,9/09/2017,1.0,1.0,284.0,2.0,-37.77933,144.81679
ID560285121,227 Wood St,3,h,1010000.0,22/04/2017,1.0,2.0,486.0,79.0,-37.7341,145.0096
ID890061905,1/383 South Rd,2,u,750000.0,3/12/2016,1.0,3.0,305.0,49.0,-37.9318,145.0293
ID831950524,42 Bishop St,4,h,1610000.0,15/07/2017,2.0,2.0,592.0,69.0,-37.90821,145.09313999999995
ID768101655,28 Gloucester St,3,h,730000.0,7/05/2016,1.0,1.0,546.0,8.0,-37.721,144.9967
ID889486350,24 Florence St,3,h,1900000.0,17/06/2017,1.0,0.0,738.0,27.0,-37.88351,145.15714
ID851950168,5a Compton St,2,u,695000.0,27/05/2017,1.0,1.0,300.0,8.0,-37.80574,145.18832
ID878866057,49 Bent St,3,h,1500000.0,28/05/2016,1.0,1.0,929.0,69.0,-37.8651,144.832
ID365689142,45 Westbank Tce,2,h,1045000.0,18/06/2016,1.0,1.0,138.0,129.0,-37.8218,145.0132
ID999437356,503/99 River St,2,u,978500.0,4/03/2017,2.0,2.0,17200.0,19.0,-37.8361,144.9966
ID494868281,1/11 Glengala Rd,3,h,453000.0,17/06/2017,1.0,1.0,305.0,13.0,-37.788740000000004,144.82398999999995
ID178175514,43 David St,4,h,890000.0,15/07/2017,1.0,1.0,499.0,6.0,-37.86639,144.82625
ID660449274,9 Greensborough Rd,3,h,515000.0,24/09/2016,2.0,1.0,606.0,64.0,-37.7347,145.0783
ID782067988,3/39 Lemon Gr,2,u,710000.0,26/08/2017,1.0,1.0,903.0,34.0,-37.8064,145.18452
ID981744218,1/19 Trevascus St,2,u,525500.0,15/10/2016,1.0,1.0,831.0,49.0,-37.8974,145.0294
ID402454882,80 Gowrie St,3,h,780000.0,17/06/2017,1.0,2.0,697.0,59.0,-37.69795,144.94285
ID516021280,258 Napier St,3,h,2200000.0,16/04/2016,2.0,1.0,187.0,119.0,-37.8003,144.9806
ID756860387,2/58 North Rd,3,u,1410000.0,17/06/2017,2.0,2.0,257.0,34.0,-37.89886,144.99462
ID943573643,2/15 Ogden St,3,t,525000.0,1/07/2017,1.0,1.0,194.0,8.0,-37.701679999999996,144.94862
ID653628915,349 Park St,2,h,1180000.0,9/09/2017,1.0,0.0,140.0,119.0,-37.83745,144.95459
ID802414336,15 Glenvale Rd,3,h,610000.0,10/09/2016,1.0,2.0,492.0,19.0,-37.7205,144.9872
ID416635688,7 Haydens Rd,3,t,2030000.0,16/09/2017,3.0,2.0,725.0,39.0,-37.986670000000004,145.02796
ID571667053,10/8 Hull St,2,u,640000.0,14/05/2016,1.0,2.0,0.0,19.0,-37.8173,144.9965
ID982828061,106 Parkmore Rd,3,h,1110000.0,10/12/2016,1.0,4.0,612.0,59.0,-37.9159,145.0733
ID621477372,2/92 Clarence St,3,t,1000000.0,13/05/2017,2.0,2.0,265.0,8.0,-37.8924,145.0154
ID552421333,302/218 Lygon St,1,u,290000.0,8/07/2017,1.0,0.0,197.0,7.0,-37.77165,144.97187
ID435688494,292 Rathmines St,3,h,1275000.0,20/05/2017,1.0,2.0,517.0,69.0,-37.7638,145.0182
ID491324866,13 Hilbert Ct,3,h,1033000.0,18/03/2017,1.0,2.0,548.0,44.0,-37.8951,145.101
ID989780550,10 Grevillia Rd,5,h,1100000.0,12/11/2016,2.0,4.0,783.0,69.0,-37.7207,144.9263
ID657337091,5 McPherson St,4,h,1820000.0,16/09/2017,2.0,2.0,317.0,2.0,-37.75792,144.97218
ID363081171,3/58 Byron St,1,u,340000.0,27/06/2016,1.0,1.0,0.0,49.0,-37.8784,144.9864
ID509161784,23 Somerset Rd,3,h,1770000.0,18/03/2017,1.0,3.0,603.0,19.0,-37.8503,145.0754
ID745733175,7 Portland Pl,4,h,1265000.0,15/07/2017,2.0,2.0,604.0,44.0,-38.01347,145.12675
ID404187237,13 Manley St,3,h,500000.0,29/07/2017,2.0,2.0,321.0,8.0,-37.63169,145.03135
ID497071380,3 Ballarat St,1,t,625000.0,18/06/2016,1.0,1.0,82.0,89.0,-37.7661,144.9614
ID185986079,1/12 Hotham St,2,u,850000.0,9/09/2017,1.0,1.0,2243.0,49.0,-37.81452,145.10884
ID650551039,11 Waverley St,4,h,1155000.0,17/06/2017,1.0,3.0,616.0,119.0,-37.75728,144.90723
ID927706924,2 Headley St,3,h,780000.0,18/06/2016,1.0,2.0,677.0,6.0,-37.7297,144.9648
ID415188510,148 Adderley St,3,h,1370000.0,24/06/2017,1.0,0.0,121.0,18.0,-37.80973,144.9472
ID616156751,1/54 Emmaline St,1,u,370000.0,23/04/2016,1.0,1.0,0.0,109.0,-37.7635,144.9934
ID716558134,7/501 Orrong Rd,3,u,732000.0,18/06/2016,2.0,2.0,0.0,119.0,-37.8597,145.0104
ID410872990,5 Birch Sq,3,h,1350000.0,27/11/2016,2.0,2.0,133.0,19.0,-37.8183,145.0079
ID427082028,164 Cecil St,3,h,2075000.0,27/11/2016,2.0,0.0,141.0,129.0,-37.8333,144.9576
ID388438082,10 Shore Gr,3,t,830000.0,29/07/2017,2.0,2.0,275.0,11.0,-37.731559999999995,144.97087
ID310756226,5 Filbert St,3,h,1314000.0,10/09/2016,1.0,2.0,339.0,89.0,-37.8906,145.0221
ID478878519,1/26 Thorpe St,3,h,826000.0,3/09/2016,1.0,2.0,281.0,62.0,-37.8457,144.8651
ID297112044,83 Challis St,5,h,1220000.0,10/09/2016,3.0,2.0,681.0,99.0,-37.8426,144.8731
ID898192962,16 Tribe St,3,h,2000000.0,15/10/2016,2.0,1.0,161.0,129.0,-37.8383,144.9499
ID649400898,20/264 Drummond St,1,u,490000.0,29/04/2017,1.0,1.0,0.0,10.0,-37.7998,144.9689
ID641578443,5/28 Eleanor St,2,t,480000.0,6/08/2016,1.0,1.0,556.0,9.0,-37.7919,144.8854
ID190917945,4/831 Park St,1,u,170000.0,16/09/2017,1.0,0.0,1250.0,2.0,-37.77685,144.95188000000005
ID151219653,2/119 Railway St N,3,u,605000.0,25/02/2017,1.0,2.0,181.0,12.0,-37.8659,144.822
ID636363206,3/23 Christine St,2,u,556000.0,3/12/2016,1.0,1.0,195.0,24.0,-37.7405,145.0876
ID692131485,291 George St,2,h,1460000.0,12/11/2016,1.0,0.0,0.0,129.0,-37.8006,144.9814
ID492984000,7/30 Walsh St,1,u,250000.0,4/02/2016,1.0,1.0,0.0,59.0,-37.9028,145.0475
ID505450616,19 Murumba Dr,3,h,1150000.0,8/07/2017,1.0,2.0,509.0,13.0,-37.9237,145.09211000000005
ID550491838,5/16 Omar St,3,t,640000.0,3/12/2016,2.0,2.0,214.0,99.0,-37.7806,144.8714
ID850674718,114 Hotham Rd,3,h,1065000.0,18/03/2017,1.0,2.0,653.0,43.0,-37.734,144.8785
ID686147413,15 Stanley St,3,h,980000.0,4/03/2017,2.0,3.0,1029.0,69.0,-37.7115,144.9147
ID872609370,20 Robern Pde,4,h,1005000.0,7/11/2016,2.0,1.0,696.0,69.0,-37.7395,145.0875
ID726373364,252 Raglan St,3,h,1030000.0,28/05/2016,2.0,3.0,427.0,109.0,-37.749,145.0051
ID499033418,5/35 Jamieson St,3,t,1015000.0,8/10/2016,2.0,1.0,112.0,19.0,-37.7912,144.9825
ID376908133,18/4 Wests Rd,2,u,353000.0,27/05/2017,1.0,1.0,4977.0,19.0,-37.77367,144.88161000000005
ID469530909,6/28 Manningtree Rd,3,u,1975000.0,18/06/2016,2.0,1.0,0.0,9.0,-37.8235,145.029
ID744273150,45 Black St,3,h,1500000.0,16/07/2016,2.0,1.0,442.0,99.0,-37.9158,144.9984
ID332763121,94 McConnell St,2,h,1031000.0,8/10/2016,1.0,1.0,163.0,119.0,-37.7929,144.9287
ID885439535,54 Ophir St,3,h,550000.0,29/07/2017,2.0,1.0,602.0,59.0,-37.68983,144.93499
ID442294783,20 McGuinness Rd,4,h,1150000.0,22/08/2016,2.0,2.0,639.0,13.0,-37.9258,145.075
ID164594004,11 Wunnamurra Dr,3,h,933000.0,16/09/2017,1.0,2.0,613.0,29.0,-37.7349,144.86225
ID807696427,44 Anderson St,3,t,1010000.0,3/09/2016,3.0,2.0,0.0,79.0,-37.8048,144.9424
ID610275606,10 Dundalk St,3,h,651500.0,8/04/2017,1.0,1.0,555.0,69.0,-37.7988,144.822
ID658708447,59 David St,3,h,705500.0,24/06/2017,1.0,4.0,670.0,59.0,-37.67328,145.02918
ID785342331,9 Sherrin Ct,3,h,529000.0,8/07/2017,2.0,2.0,847.0,39.0,-37.884209999999996,144.67869
ID426649613,93 Church Rd,4,h,1200000.0,19/08/2017,2.0,1.0,650.0,24.0,-37.78911,145.13724
ID530584582,19 Smith St,5,h,1000000.0,23/09/2017,2.0,6.0,892.0,15.0,-37.70176,145.0118
ID676470557,3 McKenzie Ct,2,h,1150000.0,15/07/2017,1.0,3.0,622.0,49.0,-37.90168,145.11081000000001
ID891204586,36 Denmark St,3,h,1290000.0,27/11/2016,1.0,0.0,321.0,84.0,-37.8116,145.0285
ID384446855,4 Coopers La,3,h,785000.0,3/09/2016,1.0,1.0,258.0,49.0,-37.7906,144.924
ID732122239,6 Gray St,3,h,801000.0,27/06/2016,1.0,1.0,0.0,24.0,-37.9218,145.053
ID189873622,50/171 Flemington Rd,2,u,450000.0,12/08/2017,1.0,1.0,0.0,36.0,-37.7955,144.94922
ID967514094,43 Galway St,3,h,540000.0,3/06/2017,1.0,2.0,648.0,59.0,-38.11014,145.14336
ID692655677,13 Haldane Rd,3,h,935000.0,6/05/2017,1.0,2.0,657.0,69.0,-37.7356,144.8859
ID207509910,37 Charles St,3,h,1400000.0,3/06/2017,2.0,0.0,145.0,139.0,-37.84957,144.9889
ID561279325,10 Gresford St,3,h,701000.0,4/03/2017,2.0,0.0,630.0,79.0,-37.7692,144.8348
ID391610659,29 Bowen St,3,h,2180000.0,3/12/2016,2.0,2.0,345.0,18.0,-37.8159,144.994
ID535930298,2/15 De Carle St,2,u,320000.0,8/04/2017,1.0,1.0,638.0,49.0,-37.762,144.9647
ID300462004,34 Joan St,3,h,682000.0,26/07/2016,1.0,1.0,694.0,59.0,-37.7894,144.8027
ID692819928,21 Tait St,3,h,950000.0,14/05/2016,2.0,2.0,281.0,69.0,-37.8431,144.8845
ID353332174,7/844 Malvern Rd,2,u,471500.0,30/07/2016,1.0,1.0,0.0,39.0,-37.8503,145.0185
ID360479412,8/98 Barkly St,3,h,1120000.0,18/03/2017,2.0,2.0,1039.0,13.0,-37.8638,144.982
ID635688906,3/141 Hickford St,2,u,352000.0,19/11/2016,1.0,1.0,0.0,49.0,-37.703,145.014
ID774173528,14 Collins St,3,h,990000.0,22/08/2016,1.0,2.0,602.0,44.0,-37.7674,145.0988
ID223327233,21 Rooney St,3,h,1385000.0,13/05/2017,1.0,2.0,745.0,8.0,-37.769,145.1108
ID663542985,3/20 Orange Gr,2,u,416000.0,18/06/2016,1.0,1.0,0.0,59.0,-37.8678,144.9966
ID310440788,208/11 Hillingdon Pl,1,u,550000.0,8/04/2017,1.0,1.0,0.0,119.0,-37.8516,144.9943
ID644939779,8/68 Goldsmith St,2,u,630000.0,25/02/2017,1.0,1.0,0.0,84.0,-37.8817,144.984
ID696859658,33a Clara St,2,h,1500000.0,12/06/2016,1.0,2.0,141.0,49.0,-37.8408,144.9977
ID804677086,77 Blyth St,3,h,950000.0,6/08/2016,1.0,0.0,170.0,109.0,-37.7661,144.9691
ID160935783,4 Warren Rd,3,h,1295000.0,3/09/2017,2.0,2.0,657.0,61.0,-37.95499,145.06775
ID121495650,46 Moonee Bvd,4,h,600000.0,23/04/2016,1.0,2.0,586.0,51.0,-37.6975,144.9065
ID994202895,333 The Boulevard,5,h,1797000.0,22/05/2016,3.0,3.0,826.0,64.0,-37.7793,145.0654
ID565189035,12/17 Moore St,2,u,470000.0,27/11/2016,1.0,1.0,0.0,5.0,-37.7677,144.92
ID341002666,118 Wood St,3,h,1020000.0,13/05/2017,2.0,2.0,670.0,84.0,-37.7353,145.0232
ID438089767,2/21 Oakes Av,2,u,575000.0,3/09/2017,1.0,2.0,914.0,49.0,-37.93524,145.1306
ID353915364,4 Charlton Pl,3,h,750000.0,16/09/2017,2.0,2.0,536.0,39.0,-37.67666,144.99161
ID490249448,5/77 Dover Rd,2,u,513500.0,14/05/2016,1.0,1.0,0.0,39.0,-37.8536,144.8981
ID683067633,24/1 Muir St,3,h,1100000.0,15/07/2017,2.0,1.0,109.0,20.0,-37.81442,145.01531
ID847477755,109 Stewart St,3,h,1080000.0,28/08/2016,2.0,1.0,316.0,109.0,-37.7643,144.9713
ID531454412,205 Mitchell St,3,h,1516000.0,17/06/2017,1.0,2.0,504.0,20.0,-37.773579999999995,145.01286000000005
ID766962574,1/11 Rowland St,3,t,1580000.0,16/09/2017,2.0,2.0,1153.0,16.0,-37.82055,145.11168999999995
ID506274308,376 Dalton Rd,3,h,625000.0,23/09/2017,1.0,2.0,534.0,29.0,-37.658429999999996,145.03091
ID319760831,2/11 Blackburn St,2,u,823000.0,17/09/2016,1.0,2.0,165.0,49.0,-37.821999999999996,145.0989
ID257590589,15 Hardwick St,5,h,1020000.0,25/02/2017,2.0,4.0,381.0,34.0,-37.7492,144.969
ID300538124,6/767 High St,2,u,468000.0,15/07/2017,1.0,1.0,0.0,7.0,-37.72919,145.00533000000001
ID376312781,10 Baird St,5,h,900000.0,12/08/2017,3.0,4.0,663.0,79.0,-37.70659000000001,144.97109
ID824662825,5 Carson St,3,h,665000.0,8/04/2017,1.0,2.0,874.0,49.0,-37.6982,145.0043
ID894624563,35 Champion St,3,h,2320000.0,24/09/2016,2.0,2.0,589.0,109.0,-37.9253,145.0034
ID824347331,1/204 Brougham St,3,t,800000.0,12/11/2016,2.0,2.0,848.0,49.0,-37.796,145.0324
ID683768499,1/3 Drysdale St,2,t,617500.0,22/07/2017,2.0,1.0,0.0,9.0,-37.73012,145.02652
ID461276393,2/60 Kororoit Creek Rd,3,t,720000.0,13/05/2017,2.0,2.0,146.0,18.0,-37.857,144.8846
ID371783964,5/40 Young St,2,u,348000.0,3/12/2016,1.0,1.0,0.0,12.0,-37.7677,144.9221
ID692821053,6/371 Toorak Rd,3,u,1880000.0,3/12/2016,2.0,2.0,0.0,51.0,-37.8399,145.0003
ID542908258,5 Black St,3,h,1700000.0,18/06/2016,2.0,1.0,0.0,74.0,-37.7763,144.9597
ID911923440,5 Wavell St,3,h,1400000.0,15/10/2016,2.0,1.0,643.0,79.0,-37.8285,145.1272
ID585708747,6 Aquila St,5,h,3000000.0,26/08/2017,4.0,2.0,830.0,69.0,-37.78739,145.07388999999995
ID880565119,41 Gordon St,3,t,950000.0,29/07/2017,2.0,2.0,211.0,49.0,-37.83712,144.86686
ID187057576,57 Guildford Rd,5,h,3625000.0,9/09/2017,3.0,2.0,1011.0,109.0,-37.821909999999995,145.09212
ID677990421,801/65 Beach St,3,u,2260000.0,22/05/2016,2.0,2.0,0.0,12.0,-37.842,144.9364
ID922408316,28 Kenneth St,4,h,976000.0,18/06/2016,1.0,1.0,701.0,34.0,-37.7786,145.0945
ID262409188,1/536 Albion St,2,h,440000.0,28/08/2016,1.0,1.0,0.0,59.0,-37.7577,144.9354
ID156162611,6 Fontein St,5,h,691000.0,18/06/2016,1.0,1.0,466.0,14.0,-37.8008,144.8665
ID650632486,2/2 Walter St,3,t,970000.0,1/07/2017,2.0,1.0,263.0,3.0,-37.8179,145.20658
ID576887087,20 Bowmore St,2,h,1262000.0,15/10/2016,1.0,1.0,546.0,49.0,-37.9003,145.0777
ID960016492,5 Thea Gr,4,h,1125000.0,17/06/2017,3.0,2.0,284.0,13.0,-37.79773,145.15141
ID304557353,10/150 Brunswick Rd,1,u,240000.0,27/11/2016,1.0,1.0,0.0,7.0,-37.7776,144.9633
ID243762046,10 Port St,3,h,807500.0,14/05/2016,1.0,3.0,647.0,49.0,-37.8481,144.8666
ID298179527,4/93 Harding St,3,t,590000.0,17/09/2016,2.0,2.0,0.0,6.0,-37.7458,144.9751
ID724268551,14 Hutchinson St,3,h,998000.0,23/04/2016,1.0,2.0,104.0,19.0,-37.7723,144.9761
ID358415144,2/28 Walsh St,3,t,1715000.0,28/08/2016,2.0,2.0,0.0,49.0,-37.8374,144.9852
ID133157687,1/40 St Hellier St,2,h,757000.0,4/03/2017,2.0,2.0,275.0,89.0,-37.7494,145.0538
ID933055293,14 Kerr St,4,h,1562000.0,24/06/2017,2.0,1.0,592.0,59.0,-37.81175,145.14213999999996
ID608154555,8 Merbein St,3,h,683500.0,14/05/2016,1.0,2.0,590.0,79.0,-37.717,144.9507
ID777826887,27 Norfolk Cr,3,h,710000.0,15/07/2017,1.0,1.0,540.0,51.0,-37.70636,145.05462
ID800239772,39 Thoresby Gr,4,h,3020000.0,8/04/2017,2.0,1.0,1250.0,109.0,-37.7639,145.0506
ID366005403,1/217 Woods St,3,h,785000.0,4/03/2017,2.0,2.0,0.0,6.0,-37.8447,144.8654
ID561162934,44 Manning Rd,5,h,2500000.0,14/05/2016,3.0,2.0,488.0,89.0,-37.8733,145.0507
ID707555904,29 Weybridge St,4,h,2360000.0,13/05/2017,2.0,2.0,764.0,89.0,-37.81800000000001,145.0946
ID446281081,33 Irvine Cr,3,h,1160000.0,26/08/2017,1.0,2.0,575.0,21.0,-37.75461,144.94669
ID625296985,3/9 Cormac St,2,t,660000.0,18/03/2017,1.0,1.0,113.0,6.0,-37.7479,145.0153
ID297188767,22 Masters St,2,h,1070000.0,12/08/2017,1.0,0.0,261.0,31.0,-37.885690000000004,145.02496000000005
ID787294232,16 Benambra Dr,3,h,1190000.0,26/08/2017,1.0,1.0,723.0,7.0,-37.76684,145.11309
ID913936591,9/25 Derby St,2,u,557000.0,24/09/2016,1.0,1.0,0.0,27.0,-37.8034,145.0369
ID796070916,29 Mabel St,4,h,2216000.0,8/04/2017,2.0,0.0,670.0,89.0,-37.8378,145.089
ID845102351,1/7 Dalston Rd,3,u,1203500.0,27/05/2017,2.0,2.0,311.0,19.0,-37.89829,145.08141
ID449846921,21 Henry St,4,t,807000.0,22/05/2016,2.0,2.0,319.0,49.0,-37.7393,144.8648
ID435800074,16 Market St,3,h,850000.0,22/07/2017,1.0,2.0,269.0,109.0,-37.79638,144.87911
ID300169313,5 Halpin St,3,h,1200000.0,4/06/2016,1.0,1.0,600.0,49.0,-37.769,144.9478
ID862039707,13 Aston St,4,h,665000.0,1/07/2017,2.0,2.0,756.0,12.0,-37.58885,144.90135
ID576141142,2/37 Garnet St,3,u,600000.0,14/05/2016,2.0,1.0,164.0,69.0,-37.7479,144.8868
ID152697279,6 Bataba St,4,h,1289000.0,17/06/2017,2.0,1.0,532.0,7.0,-37.936859999999996,145.03966
ID927124704,47 Parkmore Rd,4,h,1370000.0,26/08/2017,3.0,3.0,605.0,89.0,-37.91487,145.06623000000005
ID637016717,4 Jamieson St,3,h,1070000.0,19/08/2017,1.0,2.0,392.0,99.0,-37.74671,144.95141999999996
ID780217123,1/919 Pascoe Vale Rd,3,t,370000.0,8/10/2016,2.0,1.0,259.0,16.0,-37.6977,144.9149
ID407893972,8/192 Cecil St,1,u,460000.0,8/04/2017,1.0,1.0,0.0,49.0,-37.8344,144.9581
ID837063195,68 Mary St,5,h,2425000.0,25/02/2017,2.0,2.0,534.0,129.0,-37.8044,145.0386
ID632114091,1 Shiers St,4,h,1800000.0,24/06/2017,1.0,2.0,605.0,89.0,-37.77474,145.03011999999995
ID323157258,31 Hooker Rd,3,h,412700.0,19/08/2017,1.0,1.0,299.0,14.0,-37.89513,144.64056000000005
ID449509425,33 Greta St,3,h,1210000.0,24/06/2017,1.0,2.0,700.0,59.0,-37.9125,145.11844
ID950915038,72 Ramsden St,3,h,1660000.0,13/05/2017,1.0,2.0,290.0,115.0,-37.7906,144.9993
ID882881421,2/18 Islington St,3,u,1000000.0,22/04/2017,2.0,2.0,0.0,14.0,-37.8083,144.9908
ID951533900,165 Balwyn Rd,4,h,1900000.0,27/11/2016,2.0,1.0,665.0,79.0,-37.8057,145.0825
ID170963138,29 Highland Av,4,h,1185000.0,26/08/2017,3.0,2.0,649.0,119.0,-37.81175,145.20501000000004
ID721373355,9 James St,3,h,750000.0,15/07/2017,1.0,1.0,724.0,69.0,-37.71097,144.97324
ID807598855,17 Hampshire Rd,3,h,702000.0,10/09/2016,1.0,1.0,542.0,69.0,-37.7949,144.8303
ID830787519,10 Hazeldine Rd,4,h,2538000.0,6/08/2016,2.0,3.0,630.0,19.0,-37.856,145.0691
ID189652959,405/250 Barkly St,2,u,370000.0,18/06/2016,1.0,1.0,0.0,12.0,-37.7992,144.8961
ID714884682,2/203 Booran Rd,2,u,790000.0,26/08/2017,1.0,1.0,919.0,9.0,-37.8981,145.03551000000004
ID327804769,3 Sang Ct,3,h,910000.0,22/07/2017,2.0,2.0,651.0,42.0,-37.79638,145.24268
ID486663930,16 Allison Rd,3,h,1975000.0,22/07/2017,2.0,2.0,458.0,119.0,-37.881479999999996,145.00538999999995
ID194335068,6 Cosmos St,3,h,691000.0,10/09/2016,1.0,2.0,753.0,16.0,-37.7065,144.9374
ID309003970,127 Elizabeth St,3,h,637000.0,18/06/2016,1.0,4.0,498.0,69.0,-37.7323,144.9833
ID565127904,29 Whatley St,3,h,625000.0,29/07/2017,2.0,1.0,379.0,69.0,-38.07912,145.12965
ID771615070,7 Bateman Cl,3,h,630000.0,9/09/2017,2.0,2.0,504.0,23.0,-37.79691,144.7669
ID453266424,1001/800 Chapel St,2,u,1090000.0,29/07/2017,2.0,2.0,17200.0,19.0,-37.83613,144.99661
ID271666511,7 Riverside Dr,3,h,2260000.0,3/06/2017,2.0,4.0,753.0,82.0,-37.79017,145.06381000000005
ID529383441,36 Winifred St,4,h,1685000.0,9/09/2017,1.0,1.0,442.0,99.0,-37.76917,144.98606
ID430951438,46 Osborne Rd,5,h,1550000.0,24/06/2017,3.0,4.0,4221.0,39.0,-37.733709999999995,145.24045
ID932369716,21 Wilfred Rd,3,h,1651000.0,16/07/2016,1.0,1.0,1073.0,72.0,-37.7749,145.0549
ID225278840,13 Hillside Rd,2,h,1060000.0,28/05/2016,1.0,2.0,609.0,54.0,-37.7762,145.0958
ID798316242,18 Zinnia St,3,h,595000.0,6/05/2017,1.0,1.0,490.0,49.0,-37.7152,144.9817
ID324975675,59 Pecham St,3,h,705000.0,22/04/2017,1.0,2.0,694.0,59.0,-37.6974,144.9112
ID812194351,1/109 Station St,3,u,686000.0,4/03/2017,1.0,2.0,273.0,39.0,-37.8473,145.1203
ID682126310,6 Lock St,4,h,752500.0,18/03/2017,1.0,2.0,0.0,69.0,-37.7106,144.9682
ID557394546,8 Buckley St,3,h,1330000.0,26/07/2016,1.0,4.0,687.0,69.0,-37.7585,144.9316
ID775696377,320 Church St,3,h,1651000.0,24/09/2016,2.0,1.0,192.0,119.0,-37.8212,144.9985
ID714379614,6 Younger St,4,h,931000.0,28/05/2016,1.0,1.0,412.0,99.0,-37.7432,144.9768
ID637547781,403/72 Altona St,2,u,492500.0,4/06/2016,1.0,1.0,0.0,11.0,-37.7974,144.9261
ID793401638,111 Rutherford Rd,4,h,1085000.0,22/08/2016,3.0,2.0,599.0,59.0,-37.7397,145.0934
ID745600081,17/93 Highett Rd,2,u,450000.0,25/02/2017,2.0,1.0,0.0,12.0,-37.9462,145.0212
ID953290450,11 Mais St,4,h,905000.0,8/04/2017,2.0,2.0,696.0,54.0,-37.7074,145.0276
ID340825227,5 Gould St,4,h,926000.0,3/09/2017,1.0,5.0,565.0,19.0,-37.72525,144.96583
ID404607371,7 Inga Ct,3,h,1301000.0,18/03/2017,1.0,2.0,620.0,49.0,-37.8812,145.105
ID703838238,138/56 Nicholson St,3,u,1090000.0,18/03/2017,2.0,2.0,4290.0,9.0,-37.8078,144.9965
ID926816773,96b Cheddar Rd,4,h,678500.0,13/05/2017,1.0,2.0,606.0,59.0,-37.6987,145.0203
ID250098422,10 Columba St,3,h,1590000.0,27/05/2017,1.0,1.0,697.0,64.0,-37.78483,145.07477
ID841688141,35 Pakington St,3,h,1678000.0,27/06/2016,2.0,2.0,361.0,3.0,-37.8663,144.9882
ID650737919,60 Orana Dr,3,h,880000.0,6/05/2017,1.0,4.0,555.0,69.0,-37.713,145.0894
ID713907349,3/20 Yarra Gr,3,h,1485000.0,12/08/2017,2.0,2.0,0.0,44.0,-37.82452,145.02204
ID468161201,3/38 Arnold St,1,u,540000.0,22/05/2016,1.0,1.0,480.0,89.0,-37.8356,144.9767
ID389161270,15 Eureka Rd,3,h,435000.0,27/05/2017,1.0,2.0,608.0,9.0,-37.6204,144.71138
ID599260697,6 Rose St,3,h,950000.0,22/07/2017,1.0,1.0,399.0,49.0,-37.87115,144.8189
ID157772276,33 Cityview Rd,3,h,1900000.0,26/08/2017,1.0,1.0,663.0,69.0,-37.791309999999996,145.07861
ID196835214,85 Roberts Rd,4,h,900000.0,27/11/2016,2.0,3.0,628.0,44.0,-37.7256,144.8739
ID856449568,69 Malin St,5,h,3280000.0,27/11/2016,5.0,2.0,480.0,40.0,-37.8117,145.0449
ID669232412,1/16 Leake St,4,u,1170000.0,19/11/2016,2.0,2.0,0.0,6.0,-37.7465,144.91
ID886332277,11 Denman St,4,h,1410000.0,28/05/2016,2.0,1.0,460.0,103.0,-37.7554,144.9544
ID808230126,31 Gladstone Av,3,h,1335000.0,22/07/2017,1.0,1.0,390.0,99.0,-37.765879999999996,144.99731
ID310935820,4/37 St Kinnord St,1,u,280000.0,22/07/2017,1.0,1.0,0.0,49.0,-37.75875,144.9027
ID742356666,5/33 Grange Rd,2,u,350000.0,3/06/2017,0.0,0.0,0.0,9.0,-37.88385,145.04785
ID138590684,13/47 Marne St,1,u,390500.0,29/04/2017,1.0,0.0,775.0,59.0,-37.8354,144.984
ID157684781,75 Victor Rd,3,t,825000.0,17/09/2016,1.0,1.0,642.0,9.0,-37.9269,145.0787
ID322260492,6/219 Burke Rd,1,u,328000.0,18/03/2017,1.0,0.0,0.0,20.0,-37.8588,145.0512
ID572119213,29 Rubens Gr,4,h,3800000.0,11/02/2017,1.0,1.0,858.0,92.0,-37.8183,145.0667
ID962620930,33 Weeroona Rd,3,h,1965000.0,29/07/2017,2.0,3.0,926.0,49.0,-37.88800000000001,145.07123
ID374413104,13 Surman Ct,3,h,480000.0,6/08/2016,1.0,2.0,546.0,41.0,-37.7555,144.8295
ID223252054,3/20 Mulga St,3,u,577000.0,23/04/2016,2.0,1.0,205.0,12.0,-37.8684,144.815
ID431518498,16/51 Buckley St,1,u,265000.0,19/11/2016,1.0,1.0,0.0,49.0,-37.758,144.9237
ID193474809,55 Alpine Gr,3,h,980000.0,19/08/2017,1.0,1.0,546.0,69.0,-37.72208,144.93714
ID983474948,2 Lytham Ct,3,h,566000.0,27/05/2017,1.0,1.0,623.0,18.0,-38.13669,145.14049
ID749386171,4 Walter St,3,h,1045000.0,29/04/2017,2.0,3.0,526.0,29.0,-37.855,144.8742
ID991176531,40/337 Station St,1,u,370000.0,3/12/2016,1.0,1.0,0.0,20.0,-37.7634,145.02100000000004
ID953290450,11 Mais St,4,h,905000.0,8/04/2017,2.0,2.0,696.0,54.0,-37.7074,145.0276
ID522427308,11 Conifer St,2,u,896000.0,19/11/2016,2.0,2.0,677.0,49.0,-37.9448,145.0186
ID801088355,3/41 Pridham St,2,u,425000.0,7/11/2016,1.0,1.0,170.0,19.0,-37.7818,144.8859
ID844376401,17 Addison St,3,h,1700000.0,16/04/2016,2.0,2.0,316.0,109.0,-37.875,144.9813
ID474622699,18 Buckingham St,3,h,900000.0,17/09/2016,3.0,1.0,58.0,10.0,-37.8139,145.0012
ID864792934,5 Blackbird Tce,4,h,735000.0,23/09/2017,2.0,2.0,771.0,13.0,-37.57383,144.92424
ID432902204,7/177 Oakleigh Rd,2,u,580010.0,8/07/2017,1.0,1.0,0.0,49.0,-37.9003,145.06342
ID671151668,5 John St,3,h,910000.0,24/09/2016,1.0,1.0,231.0,119.0,-37.7759,144.976
ID934861106,43 Kellett Gr,3,h,1211000.0,28/05/2016,1.0,1.0,633.0,10.0,-37.7916,145.0352
ID247437715,10/13 Myrniong St,2,u,585000.0,10/12/2016,1.0,1.0,0.0,89.0,-37.8523,145.0936
ID650335872,6 Leighton Ct,3,h,4200000.0,23/04/2016,4.0,2.0,565.0,14.0,-37.8448,145.0123
ID447055676,32 Commercial Rd,3,h,1155000.0,7/11/2016,1.0,3.0,585.0,69.0,-37.7941,144.8924
ID246255935,16 Beevers St,3,h,680000.0,19/11/2016,1.0,3.0,551.0,59.0,-37.8254,144.8514
ID558341517,60 Gardner St,2,h,1110000.0,6/05/2017,1.0,0.0,166.0,59.0,-37.8172,145.0053
ID994674742,603/228 The Avenue,2,u,900000.0,17/06/2017,2.0,1.0,2431.0,49.0,-37.78212,144.95755
ID627209294,6/105 Cochrane St,2,u,845000.0,29/07/2017,1.0,1.0,100.0,59.0,-37.89569,144.99881000000005
ID933506609,22 Watersedge Cl,4,h,1040000.0,15/07/2017,2.0,2.0,633.0,44.0,-37.88214,145.25058
ID657895012,10/468 Kooyong Rd,1,u,275500.0,3/12/2016,1.0,1.0,0.0,59.0,-37.8961,145.0132
ID538743369,43 Skewes St,3,h,634000.0,28/05/2016,2.0,1.0,582.0,69.0,-37.7584,144.8568
ID880501146,10 Jersey St,3,h,862500.0,24/06/2017,1.0,2.0,490.0,19.0,-37.73533,144.95303
ID780048440,254 Liberty Pde,4,h,590000.0,22/07/2017,2.0,2.0,409.0,69.0,-37.74033,145.03696000000005
ID428779472,8 Pearson St,3,h,950000.0,3/06/2017,1.0,0.0,169.0,21.0,-37.8561,144.90028
ID921795139,13 Valencia St,4,h,1650000.0,16/09/2017,2.0,1.0,484.0,69.0,-37.7609,144.89886
ID684484489,3/22 Pickett St,2,u,360000.0,25/02/2017,1.0,1.0,0.0,109.0,-37.8012,144.8964
ID415359461,2/11 Winfield Rd,2,t,860000.0,10/12/2016,2.0,2.0,204.0,27.0,-37.8008,145.10399999999996
ID811342491,23/86 Queens Pde,2,u,675000.0,18/03/2017,1.0,2.0,0.0,9.0,-37.7918,144.9824
ID594456703,11/37 Wheatland Rd,1,u,455000.0,3/06/2017,1.0,1.0,1112.0,42.0,-37.86561,145.03602
ID182694207,36 Charles St,4,h,1875000.0,27/06/2016,2.0,2.0,657.0,61.0,-37.7725,144.964
ID242444560,21 Myrniong Gr,4,h,3310000.0,18/03/2017,2.0,3.0,762.0,8.0,-37.8395,145.0529
ID583823907,191 Tyler St,3,h,950000.0,4/06/2016,1.0,2.0,563.0,101.0,-37.7318,145.0192
ID438142752,11 Craigielea Av,2,h,610000.0,15/07/2017,1.0,2.0,419.0,44.0,-37.7398,144.80348
ID885481962,2/60 Kororoit Creek Rd,3,t,670000.0,8/04/2017,2.0,2.0,146.0,18.0,-37.857,144.8846
ID383839687,8 Long St,2,h,1050000.0,4/03/2017,1.0,4.0,445.0,13.0,-37.8615,144.8827
ID620020715,8 Southey St,3,t,1762000.0,17/09/2016,2.0,2.0,483.0,61.0,-37.9075,145.0064
ID349919364,1 Frogmore Rd,3,h,1600000.0,7/05/2016,2.0,2.0,751.0,96.0,-37.8945,145.0648
ID797524263,38 Belmore Rd,4,h,1475000.0,1/07/2017,3.0,5.0,380.0,59.0,-37.801559999999995,145.06715
ID870052659,181 Dendy St,4,h,2300000.0,27/05/2017,3.0,2.0,592.0,7.0,-37.92173,145.01436
ID898145348,4/6 Linton St,2,u,504000.0,10/12/2016,1.0,1.0,0.0,39.0,-37.7712,145.0455
ID649080207,75 Scott St,5,h,1900000.0,15/10/2016,3.0,2.0,646.0,94.0,-37.7625,144.9074
ID886397093,49 Tennyson St,3,h,1800000.0,19/08/2017,2.0,1.0,460.0,109.0,-37.872409999999995,145.05103
ID626654937,65 Fakenham Rd,2,h,1880000.0,3/06/2017,2.0,2.0,627.0,6.0,-37.862359999999995,145.08787
ID873109669,20 Fawkner St,4,h,2680000.0,23/09/2017,2.0,1.0,324.0,129.0,-37.86569,144.97919
ID475508596,57 Derby St,4,h,1690000.0,3/09/2017,2.0,4.0,350.0,119.0,-37.80127,145.03733
ID545974375,2/37 Wills St,3,t,1330000.0,19/11/2016,2.0,2.0,205.0,24.0,-37.7993,145.0267
ID909580693,20 Keith Gr,3,h,825000.0,23/04/2016,2.0,1.0,630.0,2.0,-37.7378,144.8705
ID556577551,64 Queen St,4,h,1360000.0,22/07/2017,2.0,4.0,615.0,49.0,-37.87057,144.83623
ID397970652,10a Elizabeth St,3,t,1250000.0,8/10/2016,2.0,2.0,315.0,59.0,-37.7607,145.0853
ID351434101,127 Normanby Rd,4,h,2625000.0,25/02/2017,2.0,3.0,836.0,109.0,-37.8696,145.0323
ID774269435,60 Bardsley St,3,h,650000.0,18/03/2017,1.0,3.0,612.0,49.0,-37.7916,144.82
ID532235205,16 Greenview Ct,3,h,930000.0,18/03/2017,1.0,2.0,580.0,19.0,-37.9369,145.0751
ID734464421,4/4 Florence St,2,t,500000.0,3/09/2016,1.0,1.0,53.0,14.0,-37.8563,144.8782
ID998709985,303 Park St,2,h,1137000.0,3/09/2017,1.0,2.0,126.0,19.0,-37.83704,144.95606
ID742565317,7 Victoria St,4,h,2640000.0,4/03/2017,2.0,2.0,650.0,29.0,-37.8671,144.8875
ID757582619,252 Millers Rd,4,h,693000.0,22/05/2016,2.0,4.0,315.0,11.0,-37.8391,144.8467
ID307654487,1/9 Kinkora Rd,3,h,1510000.0,10/12/2016,2.0,2.0,264.0,49.0,-37.8163,145.0301
ID662159249,2/53 Caroline St,1,u,422000.0,4/03/2017,1.0,0.0,0.0,51.0,-37.836999999999996,144.9881
ID842782257,233 Gore St,2,h,1200000.0,29/04/2017,1.0,0.0,63.0,119.0,-37.8018,144.9825
ID484395122,16 Mountain St,3,h,1412000.0,19/08/2017,1.0,2.0,128.0,139.0,-37.837309999999995,144.95057
ID899717396,2 Monet Ct,3,h,1530000.0,8/07/2017,2.0,2.0,798.0,41.0,-37.77655,145.15386999999996
ID578139500,49/2 Exhibition St,1,u,659000.0,10/09/2016,1.0,1.0,0.0,13.0,-37.8157,144.9727
ID546179642,4/738 Centre Rd,2,u,716000.0,10/12/2016,1.0,2.0,212.0,59.0,-37.9218,145.0607
ID467259369,14 Birk Ct,3,h,525000.0,27/06/2016,2.0,1.0,223.0,19.0,-37.704,144.8984
ID304113954,8 Jobson St,3,h,1245000.0,6/05/2017,2.0,2.0,292.0,39.0,-37.8575,144.8922
ID427237239,102 John St,2,h,1000000.0,15/10/2016,1.0,0.0,240.0,39.0,-37.8544,144.8922
ID391822688,8 Ash Gr,5,h,4802500.0,10/12/2016,2.0,4.0,837.0,100.0,-37.8756,145.0561
ID464803230,7/14 Rae St,1,u,358500.0,4/03/2017,1.0,1.0,0.0,44.0,-37.7925,144.9786
ID627190335,301/163 Cremorne St,1,u,425000.0,6/08/2016,1.0,1.0,0.0,12.0,-37.8301,144.9904
ID243673167,15 Metcalf Wy,4,h,698000.0,15/07/2017,2.0,2.0,448.0,7.0,-37.8914,144.72014
ID217600179,53 William St,3,h,917500.0,8/04/2017,2.0,2.0,472.0,54.0,-37.7336,145.0022
ID287674755,3/18 Balmoral St,2,u,440000.0,6/05/2017,1.0,1.0,921.0,54.0,-37.749,144.9067
ID341088114,2/25 Fernhill St,2,u,960000.0,15/07/2017,1.0,1.0,229.0,29.0,-37.876059999999995,145.15951
ID714614483,61 Osborne St,3,h,2395000.0,18/03/2017,1.0,2.0,442.0,49.0,-37.8432,144.9906
ID971046672,24 The Avenue,3,h,850000.0,8/04/2017,2.0,2.0,795.0,64.0,-37.736,144.8771
ID722865781,60 Teague St,3,h,1200000.0,8/04/2017,1.0,1.0,650.0,64.0,-37.7436,144.8856
ID438948543,2/7 Mattea Ct,2,u,360000.0,13/08/2016,1.0,1.0,139.0,7.0,-37.7327,145.0347
ID929675606,47 Wood St,4,h,850000.0,8/04/2017,1.0,2.0,697.0,11.0,-37.7678,144.8568
ID944272656,116/55 Hopkins St,2,u,395000.0,28/05/2016,2.0,1.0,0.0,10.0,-37.8006,144.9053
ID124200318,26 Snow St,5,h,765000.0,29/07/2017,3.0,4.0,650.0,49.0,-37.72285,144.86073000000005
ID115183064,55 Havelock St,3,h,1180000.0,22/07/2017,2.0,1.0,128.0,59.0,-37.86545,144.98126000000005
ID134561336,4/2 Alfred St,2,u,830000.0,7/05/2016,1.0,1.0,727.0,19.0,-37.8503,144.9855
ID353977681,7/7 Simpson St,2,u,430000.0,15/10/2016,1.0,1.0,0.0,49.0,-37.7813,145.0062
ID686532029,46 Percy St,3,h,615000.0,7/05/2016,1.0,2.0,650.0,69.0,-37.7076,144.9753
ID232376470,2 View Ct,2,h,1910000.0,7/05/2016,2.0,4.0,696.0,19.0,-37.9249,144.9903
ID429536762,7 Shale Ct,3,h,563000.0,23/09/2017,2.0,2.0,469.0,19.0,-37.72438,144.7655
ID454498387,9 Moore St,3,h,1125000.0,24/09/2016,1.0,0.0,146.0,109.0,-37.8454,144.9888
ID976866167,3/7 Rockley Rd,3,u,805000.0,3/06/2017,1.0,1.0,0.0,49.0,-37.83849,144.99948
ID735446238,43 Gloucester St,3,h,890000.0,10/09/2016,2.0,2.0,634.0,19.0,-37.7199,144.9965
ID771399790,53 Mason St,4,h,1115000.0,18/03/2017,1.0,1.0,0.0,139.0,-37.8423,144.8795
ID254636583,19 Spring St,4,h,901000.0,22/04/2017,2.0,1.0,398.0,69.0,-37.7364,144.9787
ID989010885,4 Norman Ct,3,h,800000.0,17/06/2017,1.0,1.0,737.0,44.0,-37.8021,145.23473
ID749649511,46 River St,4,h,940000.0,4/06/2016,2.0,1.0,379.0,89.0,-37.8408,144.8893
ID182444129,25 Skyline Dr,3,h,875000.0,24/06/2017,1.0,2.0,722.0,22.0,-37.72302,144.83434
ID164785591,129 Hambleton St,3,h,1630000.0,29/04/2017,1.0,0.0,143.0,119.0,-37.8484,144.963
ID459960199,2/25 Brooks St,3,u,800000.0,28/05/2016,2.0,2.0,261.0,59.0,-37.9163,145.0779
ID170023172,5/13 Liley St,3,t,730000.0,12/08/2017,2.0,2.0,200.0,14.0,-37.85134,144.88636
ID528809665,28 Greeves St,2,h,1350000.0,13/05/2017,1.0,0.0,131.0,119.0,-37.7999,144.9776
ID267158220,6/29 Barkly St,2,u,645000.0,4/03/2017,1.0,1.0,140.0,54.0,-37.8271,145.1299
ID194929886,1/247 Keilor Rd,3,t,750000.0,18/06/2016,1.0,1.0,253.0,22.0,-37.7397,144.898
ID191518031,312/45 York St,2,u,650000.0,17/06/2017,2.0,1.0,2226.0,8.0,-37.813,144.99303
ID768530997,6 Sapphire St,7,h,1300000.0,19/11/2016,2.0,2.0,614.0,49.0,-37.75,144.8858
ID664655808,2/44 Emerald St,2,u,520000.0,18/06/2016,1.0,2.0,196.0,21.0,-37.7513,144.8845
ID140757068,107 Shields St,2,h,918000.0,10/09/2016,1.0,0.0,136.0,119.0,-37.7839,144.9343
ID691615500,4 Bennett St,3,h,1390000.0,3/12/2016,1.0,2.0,697.0,79.0,-37.851,145.1169
ID450050051,14/1 Conservatory Dr,3,u,625000.0,10/09/2016,2.0,1.0,0.0,17.0,-37.8561,145.0962
ID409360395,109/14 Elizabeth St,2,u,650000.0,18/06/2016,2.0,1.0,0.0,17.0,-37.8514,145.0361
ID249826652,83 Wyong St,3,h,785000.0,18/06/2016,1.0,2.0,606.0,54.0,-37.7311,144.8663
ID454841010,6 Normanby Ct,2,h,613000.0,13/05/2017,1.0,0.0,391.0,59.0,-37.7349,145.0398
ID394723669,44 Separation St,4,h,1255000.0,16/09/2017,1.0,1.0,368.0,104.0,-37.77167,145.02015
ID129412025,12 Lorraine Cr,3,h,528000.0,22/07/2017,1.0,3.0,588.0,59.0,-37.68306,144.90928
ID513275435,65 Westgarth St,3,h,1415000.0,1/07/2017,1.0,1.0,366.0,8.0,-37.78103,144.998
ID762922745,306/77 Nott St,2,u,600000.0,8/10/2016,2.0,1.0,995.0,119.0,-37.8407,144.9383
ID886661547,12/29 Champion Rd,2,u,380000.0,18/06/2016,1.0,1.0,0.0,59.0,-37.8564,144.8864
ID918356869,101/27 Dickmann St,2,u,690000.0,13/05/2017,2.0,1.0,760.0,9.0,-37.825,144.9976
ID896929220,3 Tharratt St,3,h,1420000.0,24/06/2017,1.0,2.0,438.0,59.0,-37.75375,145.00846
ID710810001,3/122 Williams Rd,2,u,781000.0,3/09/2016,1.0,1.0,0.0,89.0,-37.8511,145.0029
ID413700144,15 Robb St,3,h,1620000.0,22/07/2017,1.0,1.0,393.0,6.0,-37.757690000000004,144.91051000000004
ID589102600,1/410 Buckley St,3,t,800000.0,12/06/2016,3.0,2.0,242.0,6.0,-37.7535,144.8868
ID828719124,2a Geum St,2,u,500000.0,1/07/2017,1.0,2.0,304.0,19.0,-37.70733,144.94041
ID951667220,22 Stewart St,2,h,1140000.0,3/12/2016,1.0,0.0,230.0,19.0,-37.8226,145.055
ID212653495,13 Goodman St,2,h,884000.0,22/04/2017,1.0,0.0,148.0,129.0,-37.7731,144.9568
ID419048414,10A Head St,3,h,1380000.0,8/04/2017,2.0,1.0,548.0,3.0,-37.8021,145.0637
ID259422173,2/50 Palmer St,1,u,534000.0,17/06/2017,1.0,1.0,1347.0,16.0,-37.81893,145.00631
ID448129475,24 Henrietta Av,4,h,559000.0,15/07/2017,2.0,2.0,480.0,4.0,-38.07054,145.42553999999996
ID226503074,42 Sadie St,3,h,822000.0,4/03/2017,1.0,4.0,700.0,69.0,-37.6988,144.9438
ID452576691,2/1 Halley Av,2,u,881000.0,12/08/2017,2.0,1.0,245.0,69.0,-37.84603,145.06954
ID505450616,19 Murumba Dr,3,h,1150000.0,8/07/2017,1.0,2.0,509.0,13.0,-37.9237,145.09211000000005
ID632304578,212 Union Rd,4,h,2050000.0,16/04/2016,2.0,2.0,949.0,109.0,-37.8188,145.0984
ID227158529,191 Ohea St,4,h,905000.0,4/06/2016,2.0,1.0,439.0,109.0,-37.7363,144.9507
ID565712449,27 Hornby St,2,h,957500.0,24/06/2017,1.0,1.0,136.0,127.0,-37.85542,144.99571
ID539531284,4/39 Hunter St,2,u,1226000.0,6/05/2017,1.0,1.0,826.0,23.0,-37.821,145.0054
ID596570944,87 Chirnside St,3,h,1190000.0,13/05/2017,1.0,1.0,276.0,94.0,-37.8082,144.8828
ID601308665,24a Franklin St,3,t,800000.0,28/08/2016,2.0,1.0,0.0,20.0,-37.9374,145.0542
ID339652013,105/175 Kangaroo Rd,2,u,420000.0,12/11/2016,1.0,1.0,0.0,9.0,-37.9008,145.0859
ID916371650,4 Dalgan St,4,h,1410000.0,13/05/2017,2.0,4.0,590.0,69.0,-37.9316,145.0821
ID186964994,816/300 Swanston St,1,u,400000.0,13/08/2016,1.0,1.0,0.0,14.0,-37.8106,144.9646
ID125703256,56 Frensham Rd,3,h,671000.0,12/11/2016,2.0,2.0,280.0,17.0,-37.7153,145.0854
ID953719292,261 Queen St,4,h,1070000.0,10/09/2016,2.0,2.0,695.0,29.0,-37.8733,144.8147
ID934861106,43 Kellett Gr,3,h,1211000.0,28/05/2016,1.0,1.0,633.0,10.0,-37.7916,145.0352
ID328215224,2 Gatehouse Pl,2,t,1400000.0,28/08/2016,2.0,1.0,267.0,49.0,-37.9159,144.9933
ID452637616,5/30 Lillimur Rd,2,u,450000.0,30/07/2016,1.0,1.0,0.0,14.0,-37.9014,145.0418
ID599832125,33 Clunes St,2,h,705500.0,30/07/2016,1.0,1.0,770.0,69.0,-37.7159,145.0389
ID846986394,3 Anderson St,2,h,1650000.0,29/04/2017,1.0,1.0,118.0,49.0,-37.7933,144.9926
ID151567013,33 Kennedy St,3,h,1158000.0,6/05/2017,1.0,1.0,1011.0,49.0,-37.7115,144.912
ID846068712,117 Telopea Cr,5,h,955000.0,29/07/2017,2.0,5.0,698.0,24.0,-37.66683,145.07751000000005
ID557273135,2 Wattletree Ct,5,h,1832000.0,22/07/2017,2.0,2.0,803.0,44.0,-37.87942,145.17668
ID685267735,21/54 Balston St,1,u,328500.0,8/07/2017,1.0,1.0,0.0,5.0,-37.86874,144.998
ID175922491,3 Forrest St,3,h,1200000.0,25/02/2017,1.0,1.0,640.0,59.0,-37.916,145.0776
ID217157263,22 Duke St,4,h,2170000.0,17/06/2017,2.0,2.0,697.0,109.0,-37.86015,145.07735
ID409985644,18 James St,2,h,895000.0,17/09/2016,2.0,1.0,193.0,17.0,-37.858000000000004,144.9005
ID861124754,3/29 Fiddes St,2,t,742500.0,13/05/2017,1.0,1.0,179.0,18.0,-37.9369,145.0473
ID612838254,67 Charles St,2,h,1100000.0,20/05/2017,1.0,1.0,189.0,49.0,-37.7767,144.9924
ID857953289,27 Charlotte St,4,h,1400000.0,3/06/2017,1.0,0.0,244.0,9.0,-37.82503,144.99967
ID201622425,22 Lowan St,3,h,1615000.0,12/08/2017,1.0,3.0,471.0,109.0,-37.77213,144.9829
ID907564213,7 Carmody St,3,t,918000.0,17/06/2017,2.0,1.0,207.0,7.0,-37.85682,145.10873
ID112007780,185 Doncaster Rd,4,h,1702000.0,10/12/2016,2.0,2.0,715.0,80.0,-37.7943,145.083
ID493918455,439 Plenty Rd,3,h,1000000.0,10/12/2016,2.0,2.0,143.0,44.0,-37.7381,145.0116
ID848520243,13 McColl St,3,h,911000.0,24/06/2017,1.0,4.0,601.0,69.0,-37.72943,145.01904
ID674963946,18 Kingston St,4,h,2400000.0,12/11/2016,2.0,2.0,663.0,119.0,-37.9323,145.0137
ID596180245,19 Barbara St,3,h,550000.0,22/05/2016,1.0,3.0,610.0,59.0,-37.7107,144.9419
ID751801115,25 The Avenue,3,h,750500.0,28/08/2016,2.0,6.0,805.0,24.0,-37.7966,144.7928
ID132748404,133 Morell St,3,h,780000.0,3/09/2017,1.0,3.0,618.0,59.0,-37.69836,144.93891000000005
ID468612902,3 Avenue Victoria,4,h,1920000.0,17/09/2016,2.0,2.0,749.0,49.0,-37.8235,145.0525
ID413360282,5A Hornby St,2,h,1410000.0,17/06/2017,1.0,2.0,708.0,19.0,-37.91488,145.01868000000005
ID674273022,4 Milton Ct,3,h,743000.0,10/12/2016,1.0,0.0,673.0,69.0,-37.7428,145.0494
ID981130580,14 John St,3,h,1617000.0,17/06/2017,1.0,2.0,650.0,61.0,-37.91905,145.05597
ID402151914,3/9 Mountain View Pde,4,h,915000.0,14/05/2016,3.0,2.0,0.0,11.0,-37.7449,145.0596
ID971737540,13 Pearce St,2,h,710000.0,4/03/2017,1.0,0.0,164.0,109.0,-37.8198,144.8839
ID244228559,4/48 Banksia Gr,3,h,500000.0,1/07/2017,1.0,1.0,268.0,3.0,-37.70367,144.88081
ID536297445,5/67 Oxford St,2,h,680000.0,23/04/2016,1.0,1.0,229.0,19.0,-37.8368,144.8768
ID938452016,27/789 Malvern Rd,2,u,380000.0,7/11/2016,1.0,1.0,0.0,61.0,-37.8501,145.0199
ID370734190,6/153 Barkly St,2,u,600000.0,7/11/2016,1.0,1.0,0.0,8.0,-37.777,144.9703
ID959430856,186 Oriel Rd,3,h,800000.0,12/11/2016,1.0,3.0,633.0,69.0,-37.746,145.0422
ID138971617,27 Burnewang St,2,h,670000.0,15/10/2016,1.0,2.0,697.0,69.0,-37.7835,144.8176
ID996287142,20 Finlayson St,4,h,1408000.0,3/12/2016,2.0,0.0,725.0,49.0,-37.7891,145.1073
ID438641624,8/58 Sutherland Rd,2,u,592500.0,10/12/2016,1.0,1.0,0.0,49.0,-37.8574,145.0174
ID488139446,13 Wiltshire St,3,h,620500.0,4/06/2016,1.0,1.0,609.0,79.0,-37.7754,144.846
ID539468681,23 Castlemaine St,3,h,1380000.0,27/11/2016,2.0,2.0,235.0,109.0,-37.815,144.8928
ID192606342,11 Stephens St,4,h,3000000.0,15/10/2016,3.0,2.0,1247.0,69.0,-37.7964,145.086
ID835683495,10 Grosvenor St,3,h,1690000.0,25/02/2017,2.0,2.0,339.0,129.0,-37.872,144.9909
ID601110585,364 Station St,3,h,750000.0,29/07/2017,1.0,2.0,463.0,8.0,-38.05635,145.11836
ID502735395,31 Johnson St,3,h,1350000.0,7/05/2016,1.0,2.0,332.0,79.0,-37.8131,145.005
ID729995676,13/947 Mt Alexander Rd,2,u,485000.0,15/10/2016,1.0,1.0,0.0,9.0,-37.7504,144.9138
ID243223186,14 Field St,3,h,1620000.0,13/05/2017,2.0,2.0,699.0,89.0,-37.9453,145.0176
ID457462123,7 Fairbairn Rd,3,h,520000.0,3/06/2017,2.0,2.0,535.0,39.0,-37.79414000000001,144.81855
ID916408810,43 Oswin St,4,h,2490000.0,3/09/2016,2.0,2.0,712.0,129.0,-37.7936,145.0566
ID973597698,8 Parade Sq,2,t,431000.0,8/04/2017,1.0,1.0,0.0,39.0,-37.7722,144.8807
ID356583326,1 Rosedale Rd,4,h,1390000.0,28/05/2016,2.0,3.0,397.0,94.0,-37.8578,145.06799999999996
ID876986899,6 Merbein St,2,h,680000.0,14/05/2016,1.0,2.0,590.0,79.0,-37.717,144.9509
ID345887520,2/10 Nolan St,3,u,746000.0,27/11/2016,1.0,1.0,256.0,69.0,-37.741,144.8901
ID863784661,152 Glenroy Rd,3,h,850000.0,23/09/2017,1.0,1.0,672.0,59.0,-37.705420000000004,144.92263
ID764117070,10/28 Wattle Rd,2,u,430000.0,7/11/2016,1.0,1.0,1997.0,53.0,-37.8248,145.0282
ID419381466,5/20 Abbotsford St,1,u,426000.0,22/08/2016,1.0,1.0,0.0,119.0,-37.8016,144.9988
ID453465687,15 Fairy St,3,h,1796000.0,10/09/2016,1.0,1.0,614.0,64.0,-37.7768,145.0409
ID597903725,59 Bemersyde Dr,4,h,608500.0,17/06/2017,2.0,2.0,563.0,24.0,-38.05379,145.34803
ID594485383,13 Nicholls St,3,h,1700000.0,27/05/2017,2.0,0.0,312.0,99.0,-37.86162,145.03065
ID469758648,4/206 Cotham Rd,3,u,1100000.0,27/11/2016,1.0,1.0,0.0,84.0,-37.8087,145.0452
ID521455249,10 Ray St,3,h,850000.0,9/09/2017,1.0,3.0,446.0,59.0,-37.73366,144.94321000000005
ID124502872,16 Clematis St,4,h,1790000.0,9/09/2017,2.0,2.0,742.0,49.0,-37.87738,145.18083000000001
ID833223419,123 Normanby Rd,4,h,2170000.0,28/08/2016,2.0,1.0,810.0,104.0,-37.8698,145.0325
ID308093211,20 Elizabeth St,3,h,1185000.0,16/07/2016,1.0,2.0,618.0,23.0,-37.9228,145.0527
ID830213477,18 Rose St,2,h,1705000.0,20/05/2017,2.0,0.0,195.0,8.0,-37.851,145.0156
ID370000282,54 Edwards St,4,h,1129000.0,29/07/2017,2.0,2.0,792.0,49.0,-37.726079999999996,145.12115
ID990441346,4/6 Pine Av,2,u,730000.0,22/07/2017,2.0,1.0,0.0,6.0,-37.88678,144.98855
ID373739044,3/14 Arden Ct,3,t,1620000.0,25/02/2017,2.0,2.0,248.0,7.0,-37.7923,145.0595
ID714377939,3/37 Highview Dr,3,u,910000.0,7/11/2016,2.0,2.0,299.0,18.0,-37.7929,145.1338
ID368648272,4/505 St Kilda St,2,t,710000.0,29/07/2017,1.0,1.0,0.0,39.0,-37.88465,144.99177
ID637480079,2/26 Wicklow St,3,u,940000.0,23/04/2016,2.0,1.0,382.0,21.0,-37.9061,145.0478
ID215801496,5/257 Buckley St,2,u,507000.0,3/06/2017,1.0,1.0,0.0,59.0,-37.75571,144.90366
ID499383910,36 Clinton St,4,h,1630000.0,13/05/2017,2.0,1.0,596.0,69.0,-37.9113,145.0207
ID304900250,3/58 Moore St,3,t,740000.0,8/10/2016,2.0,1.0,255.0,5.0,-37.7546,144.9713
ID151730417,98 Heath St,2,h,1400000.0,25/02/2017,1.0,1.0,168.0,85.0,-37.8346,144.9453
ID345136604,1/249 Lower Plenty Rd,3,h,720000.0,13/08/2016,1.0,2.0,604.0,109.0,-37.7377,145.0737
ID976107850,14 Carbine Wy,3,h,675000.0,8/07/2017,2.0,4.0,708.0,44.0,-37.72659,144.79668
ID350670121,96 Roden St,3,h,2370000.0,4/06/2016,3.0,2.0,265.0,139.0,-37.8073,144.9481
ID145199653,39 First Av,3,h,412250.0,22/07/2017,1.0,2.0,592.0,34.0,-37.700559999999996,144.57125
ID584489088,14 Noga Av,3,h,840000.0,15/07/2017,1.0,2.0,575.0,49.0,-37.743159999999996,144.87894
ID516443837,39 Welfare Pde,4,h,1550000.0,8/10/2016,2.0,2.0,662.0,49.0,-37.8588,145.0832
ID963371907,38 Meruka Dr,4,h,1054000.0,15/07/2017,3.0,2.0,791.0,45.0,-37.712959999999995,145.13773
ID675747520,7 Cowley Ct,3,h,581000.0,17/06/2017,1.0,2.0,484.0,49.0,-37.78454,145.33073000000005
ID886134454,6 Carson St,4,h,3300000.0,26/08/2017,3.0,2.0,741.0,99.0,-37.81031,145.01955
ID293180607,11 Newham Gr,4,h,1565000.0,27/05/2017,3.0,2.0,719.0,99.0,-37.90087,145.03959
ID178615728,4 Mawby Rd,4,h,1433500.0,25/02/2017,1.0,1.0,725.0,69.0,-37.9289,145.0502
ID658329434,195 Newbury Bvd,4,h,667000.0,3/06/2017,2.0,2.0,480.0,7.0,-37.57201,144.90896999999995
ID441195893,2 Henderson St,7,h,1205000.0,15/10/2016,3.0,1.0,447.0,37.0,-37.7634,144.9403
ID504098240,15 Dally St,2,h,1250000.0,13/05/2017,1.0,0.0,158.0,129.0,-37.7925,144.9995
ID535755020,20 Normdale Rd,3,h,965000.0,7/05/2016,1.0,4.0,574.0,49.0,-37.9309,145.0685
ID776582838,33 Starboard Dr,3,h,530500.0,1/07/2017,2.0,2.0,400.0,7.0,-37.61042,145.11932
ID594258951,90 Cooper St,4,h,1295000.0,15/10/2016,2.0,2.0,696.0,44.0,-37.7465,144.8983
ID154850312,13/200 Westgarth St,1,u,400000.0,27/11/2016,1.0,1.0,0.0,5.0,-37.7831,145.0124
ID508923887,3/23 Auburn Gr,2,u,568000.0,22/08/2016,1.0,1.0,0.0,59.0,-37.8254,145.0476
ID372084764,11 Greville Rd,4,h,1800000.0,9/09/2017,2.0,2.0,635.0,64.0,-37.74586,145.07392
ID516799517,2 Merton Cl,3,h,1385000.0,1/07/2017,1.0,2.0,807.0,49.0,-37.86618,145.14757
ID234534076,12 Newstead St,4,h,1900000.0,17/09/2016,3.0,8.0,865.0,6.0,-37.7682,144.8971
ID233495541,1/97 Wilson St,3,t,1750000.0,4/06/2016,2.0,2.0,352.0,59.0,-37.9139,145.0035
ID410679713,1A Brian St,4,t,1185000.0,10/12/2016,2.0,2.0,305.0,7.0,-37.9245,145.0507
ID673032155,16 Park Rd,2,h,1018000.0,6/08/2016,1.0,2.0,391.0,99.0,-37.8364,145.1099
ID400604649,6/833 High St,3,u,301000.0,10/09/2016,1.0,1.0,0.0,49.0,-37.7272,145.0057
ID383606262,8 Murray Dr,3,h,1588000.0,19/08/2017,2.0,2.0,708.0,54.0,-37.84625,145.10116000000005
ID382825287,11/5 Warner St,1,u,456000.0,6/05/2017,1.0,1.0,4721.0,59.0,-37.8515,145.0372
ID914868287,3/9 Poplar Gr,1,u,290000.0,4/06/2016,1.0,1.0,0.0,59.0,-37.8858,145.0632
ID627954388,51 Martin St,3,h,1620000.0,22/08/2016,2.0,2.0,477.0,59.0,-37.7612,145.0045
ID893635337,2 Farncomb St,3,h,801000.0,12/11/2016,1.0,2.0,431.0,69.0,-37.781,144.9207
ID178918927,3/25 Thomas St,2,u,692500.0,3/09/2017,1.0,1.0,145.0,49.0,-37.84197,145.09374
ID734993206,2/50 Gibdon St,3,h,1100000.0,17/06/2017,2.0,2.0,1212.0,9.0,-37.82982,145.01038
ID159573024,2 Docker St,3,h,1625000.0,17/09/2016,2.0,1.0,246.0,69.0,-37.8861,144.9877
ID499033418,5/35 Jamieson St,3,t,1015000.0,8/10/2016,2.0,1.0,112.0,19.0,-37.7912,144.9825
ID604262026,6/97 Osborne St,1,u,380000.0,10/12/2016,1.0,1.0,0.0,39.0,-37.8415,144.991
ID973918772,5 Nicosia Ct,3,h,1070000.0,8/04/2017,2.0,5.0,442.0,16.0,-37.8538,144.8722
ID159788671,201/65 Stawell St,2,u,800000.0,15/07/2017,2.0,2.0,0.0,11.0,-37.82201,145.0104
ID740143429,6 Aria Ct,4,h,555000.0,3/09/2017,2.0,2.0,387.0,44.0,-37.595890000000004,145.11364
ID588541577,3 Atkinson St,3,h,1410000.0,24/06/2017,1.0,1.0,579.0,54.0,-37.903529999999996,145.07006
ID441223401,21 Balfour Av,5,h,1825000.0,19/08/2017,3.0,2.0,779.0,44.0,-37.83015,145.24171
ID182916512,11 Kerferd St,3,h,1610000.0,18/06/2016,1.0,2.0,569.0,69.0,-37.9419,145.01
ID164826352,4 Tudor Rd,5,h,1540500.0,9/09/2017,2.0,2.0,726.0,49.0,-37.78133,145.10833
ID141029601,63 Cornwall Rd,3,h,721000.0,27/11/2016,1.0,2.0,542.0,21.0,-37.7189,144.9367
ID345047343,504/2 Golding St,2,u,600000.0,15/07/2017,1.0,1.0,0.0,5.0,-37.82214000000001,145.03288
ID933991341,6/16 Cromwell Rd,2,u,470000.0,27/11/2016,1.0,1.0,0.0,49.0,-37.845,145.0001
ID412085333,5 Florida Ct,4,h,1385000.0,14/05/2016,2.0,2.0,807.0,19.0,-37.9431,145.0407
ID257648791,4/205 Auburn Rd,1,u,365000.0,8/10/2016,1.0,1.0,0.0,44.0,-37.8272,145.0444
ID468193929,8/14 Newry St,2,u,474000.0,28/08/2016,1.0,1.0,0.0,34.0,-37.8552,145.0005
ID660754424,183 Wilson Bvd,4,h,680000.0,28/08/2016,1.0,2.0,561.0,59.0,-37.696999999999996,144.9989
ID403167962,23 Neerim St,4,h,426000.0,15/07/2017,2.0,3.0,655.0,44.0,-37.695479999999996,144.56775
ID493835515,119 North Rd,4,h,3050000.0,25/02/2017,4.0,2.0,578.0,24.0,-37.8989,145.0008
ID993278171,8 Campbell St,3,h,1528500.0,4/03/2017,1.0,1.0,375.0,89.0,-37.8015,145.0505
ID552336894,2/576 Riversdale Rd,2,u,670000.0,1/07/2017,1.0,1.0,0.0,44.0,-37.83202,145.06095
ID760118591,64 Earlsfield Rd,4,h,1460000.0,27/06/2016,3.0,2.0,562.0,69.0,-37.9369,145.0163
ID235269594,30 Willow Gr,5,h,1850000.0,12/11/2016,3.0,4.0,787.0,79.0,-37.7894,145.0462
ID417132410,1 Mikado St,3,h,870000.0,27/05/2017,1.0,6.0,700.0,6.0,-37.705690000000004,144.94048
ID272899767,32 Diamond St,3,h,1235000.0,4/03/2017,2.0,1.0,0.0,10.0,-37.7473,144.8897
ID606304536,14/378 Dandenong Rd,2,u,742500.0,29/04/2017,2.0,1.0,0.0,8.0,-37.8607,145.0116
ID152204649,91 Bruce St,3,h,1150000.0,7/11/2016,1.0,2.0,566.0,109.0,-37.7418,144.9934
ID166065986,24 Norris St,4,h,792000.0,26/07/2016,2.0,1.0,320.0,69.0,-37.7242,144.9612
ID611638172,46 Churinga Av,3,h,961000.0,16/09/2017,2.0,1.0,625.0,16.0,-37.82997,145.20978
ID270651722,16 Leura Gr,4,h,2800000.0,12/11/2016,1.0,2.0,764.0,79.0,-37.8374,145.0486
ID262610498,13 Brisbane St,3,t,1130000.0,23/09/2017,2.0,1.0,231.0,119.0,-37.77373,144.9311
ID547433276,68 Martin Rd,3,h,1440000.0,27/05/2017,2.0,2.0,0.0,24.0,-37.85139,145.05835
ID354212473,37 Scotia St,3,h,1000000.0,18/03/2017,2.0,2.0,227.0,69.0,-37.7445,144.9917
ID506393402,23 Duffy St,4,h,1180000.0,25/02/2017,3.0,2.0,688.0,59.0,-37.7713,144.8937
ID764362428,532 Burke Rd,4,h,2000000.0,28/08/2016,3.0,4.0,697.0,39.0,-37.836,145.056
ID270213461,1 Emslie St,3,h,555000.0,22/08/2016,1.0,1.0,836.0,44.0,-37.8003,144.8097
ID775954701,66 Fitzgibbon St,2,h,1851000.0,22/08/2016,1.0,1.0,172.0,119.0,-37.7948,144.9571
ID924997333,2/15 Atkinson St,2,h,510000.0,27/05/2017,1.0,2.0,897.0,49.0,-37.88321,145.09593999999996
ID130908834,82 Charlotte St,3,h,880000.0,7/05/2016,1.0,1.0,557.0,69.0,-37.834,144.8668
ID941251436,6/5 Liardet St,2,u,816000.0,24/06/2017,1.0,1.0,0.0,19.0,-37.84237,144.94486
ID923206006,30 Clarke St,3,h,1200000.0,3/09/2016,1.0,1.0,215.0,99.0,-37.7759,144.9909
ID938782990,133 MacEdon Rd,4,h,945000.0,18/06/2016,2.0,2.0,675.0,34.0,-37.764,145.1145
ID411252743,2/40 Francesco St,3,t,970000.0,18/03/2017,2.0,2.0,267.0,19.0,-37.9176,145.0566
ID863784661,152 Glenroy Rd,3,h,850000.0,23/09/2017,1.0,1.0,672.0,59.0,-37.705420000000004,144.92263
ID323157258,31 Hooker Rd,3,h,412700.0,19/08/2017,1.0,1.0,299.0,14.0,-37.89513,144.64056000000005
ID339652013,105/175 Kangaroo Rd,2,u,420000.0,12/11/2016,1.0,1.0,0.0,9.0,-37.9008,145.0859
ID407893972,8/192 Cecil St,1,u,460000.0,8/04/2017,1.0,1.0,0.0,49.0,-37.8344,144.9581
ID250098422,10 Columba St,3,h,1590000.0,27/05/2017,1.0,1.0,697.0,64.0,-37.78483,145.07477
ID742565317,7 Victoria St,4,h,2640000.0,4/03/2017,2.0,2.0,650.0,29.0,-37.8671,144.8875
ID225049508,80 South Rd,4,h,645000.0,7/11/2016,2.0,1.0,283.0,29.0,-37.7908,144.8485
ID691417136,13 Haddon Ct,8,h,741000.0,23/09/2017,3.0,1.0,1063.0,39.0,-37.65826,144.92538000000005
ID775696377,320 Church St,3,h,1651000.0,24/09/2016,2.0,1.0,192.0,119.0,-37.8212,144.9985
ID333632469,4/11 Lewisham Rd,2,u,520000.0,15/10/2016,1.0,1.0,0.0,9.0,-37.8573,144.9987
ID714377939,3/37 Highview Dr,3,u,910000.0,7/11/2016,2.0,2.0,299.0,18.0,-37.7929,145.1338
ID415359461,2/11 Winfield Rd,2,t,860000.0,10/12/2016,2.0,2.0,204.0,27.0,-37.8008,145.10399999999996
ID886661547,12/29 Champion Rd,2,u,380000.0,18/06/2016,1.0,1.0,0.0,59.0,-37.8564,144.8864
ID182916512,11 Kerferd St,3,h,1610000.0,18/06/2016,1.0,2.0,569.0,69.0,-37.9419,145.01
ID872609370,20 Robern Pde,4,h,1005000.0,7/11/2016,2.0,1.0,696.0,69.0,-37.7395,145.0875
ID734993206,2/50 Gibdon St,3,h,1100000.0,17/06/2017,2.0,2.0,1212.0,9.0,-37.82982,145.01038
ID353977681,7/7 Simpson St,2,u,430000.0,15/10/2016,1.0,1.0,0.0,49.0,-37.7813,145.0062
ID626654937,65 Fakenham Rd,2,h,1880000.0,3/06/2017,2.0,2.0,627.0,6.0,-37.862359999999995,145.08787
ID235269594,30 Willow Gr,5,h,1850000.0,12/11/2016,3.0,4.0,787.0,79.0,-37.7894,145.0462
ID267158220,6/29 Barkly St,2,u,645000.0,4/03/2017,1.0,1.0,140.0,54.0,-37.8271,145.1299
